<?xml version="1.0"?>
<doc>
    <assembly>
        <name>Junior.Persist.Persistence.ActiveRecord</name>
    </assembly>
    <members>
        <member name="T:Junior.Persist.Persistence.ActiveRecord.Finders.ByIdFinder`2">
            <summary>
            A finder that finds entities by ID.
            </summary>
        </member>
        <member name="T:Junior.Persist.Persistence.ActiveRecord.Finders.ActiveRecordFinder`2">
            <summary>
            A finder that uses Castle ActiveRecord to find entities.
            </summary>
        </member>
        <member name="M:Junior.Persist.Persistence.ActiveRecord.Finders.ActiveRecordFinder`2.GetEntity(NHibernate.Criterion.ICriterion,Junior.Persist.Persistence.Finders.EntityNotFoundHandling)">
            <summary>
            Retrieves an entity using a criterion.
            </summary>
            <param name="criterion">A criterion.</param>
            <param name="entityNotFoundHandling">Determines how to handle when entity data is not found.</param>
            <returns>An entity.</returns>
            <exception cref="T:Junior.Persist.Persistence.Finders.EntityNotFoundException">Thrown when <paramref name="entityNotFoundHandling"/> is <see cref="F:Junior.Persist.Persistence.Finders.EntityNotFoundHandling.ThrowException"/> and an entity was not found.</exception>
        </member>
        <member name="M:Junior.Persist.Persistence.ActiveRecord.Finders.ActiveRecordFinder`2.GetEntity(System.Collections.Generic.IEnumerable{NHibernate.Criterion.ICriterion},Junior.Persist.Persistence.Finders.EntityNotFoundHandling)">
            <summary>
            Retrieves an entity using criteria.
            </summary>
            <param name="criteria">Criteria.</param>
            <param name="entityNotFoundHandling">Determines how to handle when entity data is not found.</param>
            <returns>An entity.</returns>
            <exception cref="T:Junior.Persist.Persistence.Finders.EntityNotFoundException">Thrown when <paramref name="entityNotFoundHandling"/> is <see cref="F:Junior.Persist.Persistence.Finders.EntityNotFoundHandling.ThrowException"/> and an entity was not found.</exception>
        </member>
        <member name="M:Junior.Persist.Persistence.ActiveRecord.Finders.ActiveRecordFinder`2.GetEntity(NHibernate.Criterion.DetachedCriteria,Junior.Persist.Persistence.Finders.EntityNotFoundHandling)">
            <summary>
            Retrieves an entity using detached criteria.
            </summary>
            <param name="criteria">Detached criteria.</param>
            <param name="entityNotFoundHandling">Determines how to handle when entity data is not found.</param>
            <returns>An entity.</returns>
            <exception cref="T:Junior.Persist.Persistence.Finders.EntityNotFoundException">Thrown when <paramref name="entityNotFoundHandling"/> is <see cref="F:Junior.Persist.Persistence.Finders.EntityNotFoundHandling.ThrowException"/> and an entity was not found.</exception>
        </member>
        <member name="M:Junior.Persist.Persistence.ActiveRecord.Finders.ActiveRecordFinder`2.GetEntityNotFoundException(Castle.ActiveRecord.NotFoundException,System.Guid)">
            <summary>
            Retrieves an <see cref="T:Junior.Persist.Persistence.Finders.EntityNotFoundException"/> instance given a <see cref="T:Castle.ActiveRecord.NotFoundException"/> and an entity ID.
            </summary>
            <param name="exception">A <see cref="T:Castle.ActiveRecord.NotFoundException"/> instance.</param>
            <param name="id">An entity ID.</param>
            <returns>An <see cref="T:Junior.Persist.Persistence.Finders.EntityNotFoundException"/> that wraps <paramref name="exception"/> and <paramref name="id"/>.</returns>
        </member>
        <member name="M:Junior.Persist.Persistence.ActiveRecord.Finders.ByIdFinder`2.ById(System.Guid,Junior.Persist.Persistence.Finders.EntityNotFoundHandling)">
            <summary>
            Finds an entity by ID.
            </summary>
            <param name="id">An entity ID.</param>
            <param name="entityNotFoundHandling">Determines how to handle when entity data is not found.</param>
            <returns>An entity.</returns>
            <exception cref="T:Junior.Persist.Persistence.Finders.EntityNotFoundException">Thrown when <paramref name="entityNotFoundHandling"/> is <see cref="F:Junior.Persist.Persistence.Finders.EntityNotFoundHandling.ThrowException"/> and an entity was not found.</exception>
        </member>
        <member name="T:Junior.Persist.Persistence.ActiveRecord.TransactionScope">
            <summary>
            Wraps the <see cref="T:Castle.ActiveRecord.TransactionScope"/> class.
            </summary>
        </member>
        <member name="M:Junior.Persist.Persistence.ActiveRecord.TransactionScope.#ctor">
            <summary>
            Initializes a new instance of the <see cref="T:Junior.Persist.Persistence.ActiveRecord.TransactionScope"/> class.
            <see cref="T:Castle.ActiveRecord.TransactionMode"/> is set to <see cref="F:Castle.ActiveRecord.TransactionMode.Inherits"/>, <see cref="T:System.Data.IsolationLevel"/> is set to <see cref="F:System.Data.IsolationLevel.ReadCommitted"/>
            and <see cref="T:Castle.ActiveRecord.OnDispose"/> is set to <see cref="F:Castle.ActiveRecord.OnDispose.Rollback"/>.
            </summary>
        </member>
        <member name="M:Junior.Persist.Persistence.ActiveRecord.TransactionScope.#ctor(Castle.ActiveRecord.OnDispose)">
            <summary>
            Initializes a new instance of the <see cref="T:Junior.Persist.Persistence.ActiveRecord.TransactionScope"/> class.
            </summary>
            <param name="onDisposeBehavior">Determines how the transaction behaves when the transaction is disposed.</param>
        </member>
        <member name="M:Junior.Persist.Persistence.ActiveRecord.TransactionScope.#ctor(Castle.ActiveRecord.TransactionMode)">
            <summary>
            Initializes a new instance of the <see cref="T:Junior.Persist.Persistence.ActiveRecord.TransactionScope"/> class.
            </summary>
            <param name="mode">Determines how transactions are enrolled.</param>
        </member>
        <member name="M:Junior.Persist.Persistence.ActiveRecord.TransactionScope.#ctor(Castle.ActiveRecord.TransactionMode,Castle.ActiveRecord.OnDispose)">
            <summary>
            Initializes a new instance of the <see cref="T:Junior.Persist.Persistence.ActiveRecord.TransactionScope"/> class.
            </summary>
            <param name="mode">Determines how transactions are enrolled.</param>
            <param name="onDisposeBehavior">Determines how the transaction behaves when the transaction is disposed.</param>
        </member>
        <member name="M:Junior.Persist.Persistence.ActiveRecord.TransactionScope.#ctor(Castle.ActiveRecord.TransactionMode,System.Data.IsolationLevel,Castle.ActiveRecord.OnDispose)">
            <summary>
            Initializes a new instance of the <see cref="T:Junior.Persist.Persistence.ActiveRecord.TransactionScope"/> class.
            </summary>
            <param name="mode">Determines how transactions are enrolled.</param>
            <param name="isolationLevel">The transaction isolation level.</param>
            <param name="onDisposeBehavior">Determines how the transaction behaves when the transaction is disposed.</param>
        </member>
    </members>
</doc>
