<?xml version="1.0"?>
<doc>
    <assembly>
        <name>Junior.Persist.Persistence</name>
    </assembly>
    <members>
        <member name="T:Junior.Persist.Persistence.Finders.CacheKeyCachingFinder`2">
            <summary>
            Finds entities and caches found entities.
            </summary>
            <typeparam name="TEntity"></typeparam>
            <typeparam name="TEntityData"></typeparam>
        </member>
        <member name="M:Junior.Persist.Persistence.Finders.CacheKeyCachingFinder`2.#ctor(Junior.Persist.Sessions.Sessions.ISessionCache{Junior.Persist.Data.CacheKey,System.Object})">
            <summary>
            Initializes a new instance of the <see cref="T:Junior.Persist.Persistence.Finders.CacheKeyCachingFinder`2"/> class.
            </summary>
            <param name="sessionCache">The session cache to use when caching entities.</param>
            <exception cref="T:System.ArgumentNullException">Thrown when <paramref name="sessionCache"/> is null.</exception>
        </member>
        <member name="M:Junior.Persist.Persistence.Finders.CacheKeyCachingFinder`2.GetEntity(Junior.Persist.Data.IQueryResult{`1},Junior.Persist.Persistence.Finders.EntityNotFoundHandling)">
            <summary>
            Processes a query result and returns a cached entity.
            </summary>
            <param name="queryResult">A query result. The query result instructs the finder to either pull the entity from the cache or to use returned result data.</param>
            <param name="entityNotFoundHandling">Determines how to handle when entity data is not found.</param>
            <returns>A cached entity as a <see cref="T:Junior.Persist.Sessions.Sessions.CacheEntity`1"/> instance.</returns>
            <exception cref="T:System.ArgumentNullException">Thrown when <paramref name="queryResult"/> is null.</exception>
        </member>
        <member name="M:Junior.Persist.Persistence.Finders.CacheKeyCachingFinder`2.GetEntities(Junior.Persist.Data.IQueryResult{System.Collections.Generic.IEnumerable{`1}})">
            <summary>
            Processes a query result and returns cached entities.
            </summary>
            <param name="queryResult">A query result. The query result instructs the finder to either pull the entities from the cache or to use returned result data.</param>
            <returns>Cached entities as <see cref="T:Junior.Persist.Sessions.Sessions.CacheEntity`1"/> instances.</returns>
            <exception cref="T:System.ArgumentNullException">Thrown when <paramref name="queryResult"/> is null.</exception>
        </member>
        <member name="M:Junior.Persist.Persistence.Finders.CacheKeyCachingFinder`2.GetEntity(`1)">
            <summary>
            Converts entity data into an entity as a <see cref="T:Junior.Persist.Sessions.Sessions.CacheEntity`1"/> instance.
            </summary>
            <param name="entityData">Entity data.</param>
            <returns>A cached entity as a <see cref="T:Junior.Persist.Sessions.Sessions.CacheEntity`1"/> instance.</returns>
        </member>
        <member name="M:Junior.Persist.Persistence.Finders.CacheKeyCachingFinder`2.Lazy``1(System.Guid,Junior.Persist.Persistence.Finders.IByIdFinder{``0},Junior.Persist.Persistence.Finders.EntityNotFoundHandling)">
            <summary>
            Creates a lazy entity from an entity ID and a finder.
            </summary>
            <param name="entityId">An entity ID.</param>
            <param name="finder">The finder that will be used to retrieve the entity when the lazy entity is accessed.</param>
            <param name="entityNotFoundHandling">Determines how to handle when entity data is not found.</param>
            <returns>A lazy entity.</returns>
            <exception cref="T:System.ArgumentNullException">Thrown when <paramref name="finder"/> is null.</exception>
        </member>
        <member name="M:Junior.Persist.Persistence.Finders.CacheKeyCachingFinder`2.Lazy``1(System.Guid,System.Func{System.Guid,Junior.Persist.Persistence.Finders.EntityNotFoundHandling,``0},Junior.Persist.Persistence.Finders.EntityNotFoundHandling)">
            <summary>
            Creates a lazy entity from an entity ID and a delegate.
            </summary>
            <param name="entityId">An entity ID.</param>
            <param name="delegate">A delegate that will be used to retrieve the entity when the lazy entity is accessed.</param>
            <param name="entityNotFoundHandling">Determines how to handle when entity data is not found.</param>
            <returns>A lazy entity.</returns>
            <exception cref="T:System.ArgumentNullException">Thrown when <paramref name="delegate"/> is null.</exception>
        </member>
        <member name="M:Junior.Persist.Persistence.Finders.CacheKeyCachingFinder`2.Lazy``1(System.Nullable{System.Guid},Junior.Persist.Persistence.Finders.IByIdFinder{``0},Junior.Persist.Persistence.Finders.EntityNotFoundHandling)">
            <summary>
            Creates a lazy entity from an entity ID and a finder.
            </summary>
            <param name="entityId">An entity ID.</param>
            <param name="finder">The finder that will be used to retrieve the entity when the lazy entity is accessed.</param>
            <param name="entityNotFoundHandling">Determines how to handle when entity data is not found.</param>
            <returns>A lazy entity.</returns>
            <exception cref="T:System.ArgumentNullException">Thrown when <paramref name="finder"/> is null.</exception>
        </member>
        <member name="M:Junior.Persist.Persistence.Finders.CacheKeyCachingFinder`2.Lazy``1(System.Nullable{System.Guid},System.Func{System.Guid,Junior.Persist.Persistence.Finders.EntityNotFoundHandling,``0},Junior.Persist.Persistence.Finders.EntityNotFoundHandling)">
            <summary>
            Creates a lazy entity from an entity ID and a delegate.
            </summary>
            <param name="entityId">An entity ID.</param>
            <param name="delegate">The delegate that will be used to retrieve the entity when the lazy entity is accessed.</param>
            <param name="entityNotFoundHandling">Determines how to handle when entity data is not found.</param>
            <returns>A lazy entity.</returns>
            <exception cref="T:System.ArgumentNullException">Thrown when <paramref name="delegate"/> is null.</exception>
        </member>
        <member name="M:Junior.Persist.Persistence.Finders.CacheKeyCachingFinder`2.Lazy``1(System.Guid,System.Func{System.Guid,System.Collections.Generic.IEnumerable{``0}})">
            <summary>
            Creates a lazy entity from a parent entity ID and a delegate.
            </summary>
            <param name="parentEntityId">The parent entity's ID.</param>
            <param name="delegate">The delegate that will be used to retrieve the entity when the lazy entity is accessed.</param>
            <returns>A lazy entity.</returns>
            <exception cref="T:System.ArgumentNullException">Thrown when <paramref name="delegate"/> is null.</exception>
        </member>
        <member name="M:Junior.Persist.Persistence.Finders.CacheKeyCachingFinder`2.Lazy``1(System.Guid,System.Func{System.Guid,System.Collections.Generic.IEnumerable{Junior.Persist.Sessions.Sessions.CacheEntity{``0}}})">
            <summary>
            Creates a lazy entity from a parent entity ID and a delegate.
            </summary>
            <param name="parentEntityId">The parent entity's ID.</param>
            <param name="delegate">The delegate that will be used to retrieve the entity when the lazy entity is accessed.</param>
            <returns>A lazy entity.</returns>
            <exception cref="T:System.ArgumentNullException">Thrown when <paramref name="delegate"/> is null.</exception>
        </member>
        <member name="P:Junior.Persist.Persistence.Finders.CacheKeyCachingFinder`2.SessionCache">
            <summary>
            Gets the session cache this finder uses.
            </summary>
        </member>
        <member name="T:Junior.Persist.Persistence.Finders.Finder`2">
            <summary>
            Base class for all finders. Provides helper methods for converting entity data into entities.
            </summary>
        </member>
        <member name="M:Junior.Persist.Persistence.Finders.Finder`2.GetEntity(`1,Junior.Persist.Persistence.Finders.EntityNotFoundHandling)">
            <summary>
            Converts entity data into an entity.
            </summary>
            <param name="entityData">Entity data.</param>
            <param name="entityNotFoundHandling">Determines how to handle when entity data is not found.</param>
            <returns>An entity.</returns>
            <exception cref="T:System.ArgumentNullException">Thrown when <paramref name="entityData"/> is null.</exception>
            <exception cref="T:Junior.Persist.Persistence.Finders.EntityNotFoundException">Thrown when <paramref name="entityNotFoundHandling"/> is <see cref="F:Junior.Persist.Persistence.Finders.EntityNotFoundHandling.ThrowException"/> and entity data was not found.</exception>
        </member>
        <member name="M:Junior.Persist.Persistence.Finders.Finder`2.GetEntities(System.Collections.Generic.IEnumerable{`1})">
            <summary>
            Converts entity data into entities.
            </summary>
            <param name="entityDatas">Entity data.</param>
            <returns>Entities.</returns>
            <exception cref="T:System.ArgumentNullException">Thrown when <paramref name="entityDatas"/> is null.</exception>
        </member>
        <member name="M:Junior.Persist.Persistence.Finders.Finder`2.GetEntity(`1)">
            <summary>
            Converts entity data into an entity. 
            </summary>
            <param name="entityData">Entity data.</param>
            <returns>An entity.</returns>
        </member>
        <member name="T:Junior.Persist.Persistence.Finders.EntityNotFoundException">
            <summary>
            An exception thrown when an entity was not found.
            </summary>
        </member>
        <member name="M:Junior.Persist.Persistence.Finders.EntityNotFoundException.#ctor">
            <summary>
            Initializes a new instance of the <see cref="T:Junior.Persist.Persistence.Finders.EntityNotFoundException"/> class.
            </summary>
        </member>
        <member name="M:Junior.Persist.Persistence.Finders.EntityNotFoundException.#ctor(System.String)">
            <summary>
            Initializes a new instance of the <see cref="T:Junior.Persist.Persistence.Finders.EntityNotFoundException"/> class.
            </summary>
            <param name="message">The message that describes the error.</param>
        </member>
        <member name="M:Junior.Persist.Persistence.Finders.EntityNotFoundException.#ctor(System.String,System.Exception)">
            <summary>
            Initializes a new instance of the <see cref="T:Junior.Persist.Persistence.Finders.EntityNotFoundException"/> class.
            </summary>
            <param name="message">The message that describes the error.</param>
            <param name="innerException">The exception that is the cause of the current exception, or a null reference (Nothing in Visual Basic) if no inner exception is specified.</param>
        </member>
        <member name="M:Junior.Persist.Persistence.Finders.EntityNotFoundException.#ctor(System.Runtime.Serialization.SerializationInfo,System.Runtime.Serialization.StreamingContext)">
            <summary>
            Initializes a new instance of the <see cref="T:Junior.Persist.Persistence.Finders.EntityNotFoundException"/> class with serialized data.
            </summary>
            <param name="info">The object that holds the serialized object data.</param>
            <param name="context">The contextual information about the source or destination.</param>
        </member>
        <member name="T:Junior.Persist.Persistence.Finders.EntityNotFoundHandling">
            <summary>
            Indicates how to handle when entity data is not found. 
            </summary>
        </member>
        <member name="F:Junior.Persist.Persistence.Finders.EntityNotFoundHandling.ThrowException">
            <summary>
            An exception should be thrown when entity data is not found.
            </summary>
        </member>
        <member name="F:Junior.Persist.Persistence.Finders.EntityNotFoundHandling.ReturnNull">
            <summary>
            Null should be returned when entity data is not found.
            </summary>
        </member>
        <member name="T:Junior.Persist.Persistence.Finders.IByIdFinder`1">
            <summary>
            Represents a way to find an entity by ID.
            </summary>
        </member>
        <member name="M:Junior.Persist.Persistence.Finders.IByIdFinder`1.ById(System.Guid,Junior.Persist.Persistence.Finders.EntityNotFoundHandling)">
            <summary>
            Finds an entity by ID.
            </summary>
            <param name="id">An entity ID.</param>
            <param name="entityNotFoundHandling">Determines how to handle when entity data is not found.</param>
            <returns>An entity.</returns>
        </member>
        <member name="T:Junior.Persist.Persistence.LazyEntitiesByParentId`1">
            <summary>
            A relationship to entities that will only be loaded when they are accessed. The entities are retrieved by their parent entity's ID.
            </summary>
        </member>
        <member name="M:Junior.Persist.Persistence.LazyEntitiesByParentId`1.#ctor(System.Guid,System.Func{System.Guid,System.Collections.Generic.IEnumerable{`0}})">
            <summary>
            Initializes a new instance of the <see cref="T:Junior.Persist.Persistence.LazyEntitiesByParentId`1"/> class.
            </summary>
            <param name="parentId">The parent entity's ID.</param>
            <param name="delegate">A delegate that will retrieve the entity.</param>
        </member>
        <member name="T:Junior.Persist.Persistence.LazyEntityById`1">
            <summary>
            An entity relationship that will only be loaded when it is accessed. The entity is retrieved by its ID.
            </summary>
            <typeparam name="TEntity"></typeparam>
        </member>
        <member name="M:Junior.Persist.Persistence.LazyEntityById`1.#ctor(System.Guid,Junior.Persist.Persistence.Finders.IByIdFinder{`0},Junior.Persist.Persistence.Finders.EntityNotFoundHandling)">
            <summary>
            Initializes a new instance of the <see cref="T:Junior.Persist.Persistence.LazyEntityById`1"/> class.
            </summary>
            <param name="id">An entity ID.</param>
            <param name="finder">The finder that will retrieve the entity.</param>
            <param name="entityNotFoundHandling">Determines how to handle when entity data is not found.</param>
        </member>
        <member name="M:Junior.Persist.Persistence.LazyEntityById`1.#ctor(System.Guid,System.Func{System.Guid,Junior.Persist.Persistence.Finders.EntityNotFoundHandling,`0},Junior.Persist.Persistence.Finders.EntityNotFoundHandling)">
            <summary>
            Initializes a new instance of the <see cref="T:Junior.Persist.Persistence.LazyEntityById`1"/> class.
            </summary>
            <param name="id">An entity ID.</param>
            <param name="delegate">A delegate that will retrieve the entity.</param>
            <param name="entityNotFoundHandling">Determines how to handle when entity data is not found.</param>
        </member>
        <member name="T:Junior.Persist.Persistence.Repositories.EntityIdFactory">
            <summary>
            A factory that generates new entity IDs.
            </summary>
        </member>
        <member name="T:Junior.Persist.Persistence.Repositories.IEntityIdFactory">
            <summary>
            Represents a factory that generates new entity IDs.
            </summary>
        </member>
        <member name="M:Junior.Persist.Persistence.Repositories.IEntityIdFactory.NewId">
            <summary>
            Generates a new entity ID.
            </summary>
            <returns>The new entity ID.</returns>
        </member>
        <member name="M:Junior.Persist.Persistence.Repositories.EntityIdFactory.#ctor(Junior.Common.IGuidFactory)">
            <summary>
            Initializes a new instance of the <see cref="T:Junior.Persist.Persistence.Repositories.EntityIdFactory"/> class.
            </summary>
            <param name="guidFactory">A GUID factory.</param>
            <exception cref="T:System.ArgumentNullException">Thrown when <paramref name="guidFactory"/> is null.</exception>
        </member>
        <member name="M:Junior.Persist.Persistence.Repositories.EntityIdFactory.NewId">
            <summary>
            Generates a new entity ID.
            </summary>
            <returns>The new entity ID.</returns>
        </member>
        <member name="T:Junior.Persist.Persistence.Repositories.IDeletingRepository`1">
            <summary>
            Represents a repository that deletes entities.
            </summary>
        </member>
        <member name="M:Junior.Persist.Persistence.Repositories.IDeletingRepository`1.Delete(`0)">
            <summary>
            Deletes an entity.
            </summary>
            <param name="entity">The entity to delete.</param>
        </member>
        <member name="T:Junior.Persist.Persistence.Repositories.IPersistingRepository`1">
            <summary>
            Represents a repository that persists entities.
            </summary>
        </member>
        <member name="M:Junior.Persist.Persistence.Repositories.IPersistingRepository`1.Persist(`0)">
            <summary>
            Persists an entity.
            </summary>
            <param name="entity">The entity to persist.</param>
            <returns>The entity's ID.</returns>
        </member>
        <member name="T:Junior.Persist.Persistence.Repositories.IPersistingRepository`2">
            <summary>
            Represents a repository that persists entities that have a parent entity.
            </summary>
        </member>
        <member name="M:Junior.Persist.Persistence.Repositories.IPersistingRepository`2.Persist(`0,`1)">
            <summary>
            Persists an entity.
            </summary>
            <param name="parentEntity">The parent of the entity to persist.</param>
            <param name="entity">The entity to persist.</param>
            <returns>The entity's ID.</returns>
        </member>
        <member name="T:Junior.Persist.Persistence.Sessions.CacheKeySession`1">
            <summary>
            Represents a session keyed on the <see cref="T:Junior.Persist.Data.CacheKey"/> class.
            </summary>
        </member>
        <member name="M:Junior.Persist.Persistence.Sessions.CacheKeySession`1.#ctor">
            <summary>
            Initializes a new instance of the <see cref="T:Junior.Persist.Persistence.Sessions.CacheKeySession`1"/> class.
            </summary>
        </member>
        <member name="M:Junior.Persist.Persistence.Sessions.CacheKeySession`1.#ctor(Junior.Persist.Sessions.Sessions.ISessionObserver{Junior.Persist.Data.CacheKey,System.Object})">
            <summary>
            Initializes a new instance of the <see cref="T:Junior.Persist.Persistence.Sessions.CacheKeySession`1"/> class.
            </summary>
            <param name="observer">An observer that will receive observed session actions.</param>
            <exception cref="T:System.ArgumentNullException">Thrown when <paramref name="observer"/> is null.</exception>
        </member>
        <member name="M:Junior.Persist.Persistence.Sessions.CacheKeySession`1.EntityWasPersisted(Junior.Persist.Sessions.Sessions.CacheEntity{System.Object})">
            <summary>
            Caches a persisted entity.
            </summary>
            <param name="cacheEntity">The persisted entity as a <see cref="T:Junior.Persist.Sessions.Sessions.CacheEntity`1"/> instance.</param>
            <exception cref="T:System.ArgumentNullException">Thrown when <paramref name="cacheEntity"/> is null.</exception>
            <exception cref="T:Junior.Persist.Sessions.Sessions.SessionException">Thrown when <paramref name="cacheEntity"/> has a different ID than the same entity in the cache.</exception>
        </member>
        <member name="M:Junior.Persist.Persistence.Sessions.CacheKeySession`1.EntityWasFound(Junior.Persist.Data.CacheKey,Junior.Persist.Sessions.Sessions.CacheEntity{System.Object})">
            <summary>
            Caches a found entity.
            </summary>
            <param name="cacheKey">The cache key for the related query.</param>
            <param name="cacheEntity">The persisted entity as a <see cref="T:Junior.Persist.Sessions.Sessions.CacheEntity`1"/> instance.</param>
            <exception cref="T:System.ArgumentNullException">Thrown when <paramref name="cacheKey"/> is null.</exception>
            <exception cref="T:System.ArgumentNullException">Thrown when <paramref name="cacheEntity"/> is null.</exception>
        </member>
        <member name="M:Junior.Persist.Persistence.Sessions.CacheKeySession`1.EntitiesWereFound(Junior.Persist.Data.CacheKey,System.Collections.Generic.IEnumerable{Junior.Persist.Sessions.Sessions.CacheEntity{System.Object}})">
            <summary>
            Caches multiple found entities.
            </summary>
            <param name="cacheKey">The cache key for the related query.</param>
            <param name="cacheEntities">The persisted entities as <see cref="T:Junior.Persist.Sessions.Sessions.CacheEntity`1"/> instances.</param>
            <exception cref="T:System.ArgumentNullException">Thrown when <paramref name="cacheKey"/> is null.</exception>
            <exception cref="T:System.ArgumentNullException">Thrown when <paramref name="cacheEntities"/> is null.</exception>
            <exception cref="T:Junior.Persist.Sessions.Sessions.SessionException">Thrown when at least one found entity has a different ID than the same entity in the cache.</exception>
            <exception cref="T:Junior.Persist.Sessions.Sessions.SessionException">Thrown when more than one type of entity for the same cache key is being cached.</exception>
            <exception cref="T:Junior.Persist.Sessions.Sessions.SessionException">Thrown when the same entity is being cached more than once.</exception>
        </member>
        <member name="M:Junior.Persist.Persistence.Sessions.CacheKeySession`1.RemoveEntity(System.Object)">
            <summary>
            Removes an entity from the cache.
            </summary>
            <param name="entity">The entity to remove.</param>
            <exception cref="T:System.ArgumentNullException">Thrown when <paramref name="entity"/> is null.</exception>
        </member>
        <member name="M:Junior.Persist.Persistence.Sessions.CacheKeySession`1.RemoveEntity(System.Guid)">
            <summary>
            Removes an entity from the cache.
            </summary>
            <param name="entityId">The ID of the entity to remove.</param>
        </member>
        <member name="M:Junior.Persist.Persistence.Sessions.CacheKeySession`1.RemoveEntities(System.Collections.Generic.IEnumerable{System.Object})">
            <summary>
            Removes entities from the cache.
            </summary>
            <param name="entities">The entities to remove.</param>
            <exception cref="T:System.ArgumentNullException">Thrown when <paramref name="entities"/> is null.</exception>
            <exception cref="T:Junior.Persist.Sessions.Sessions.SessionException">Thrown when at least one entity was not cached before being removed.</exception>
        </member>
        <member name="M:Junior.Persist.Persistence.Sessions.CacheKeySession`1.GetEntityId(System.Object)">
            <summary>
            Retrieves a cached entity's ID.
            </summary>
            <param name="entity">A cached entity.</param>
            <returns>The cached entity's ID.</returns>
            <exception cref="T:System.ArgumentNullException">Thrown when <paramref name="entity"/> is null.</exception>
            <exception cref="T:Junior.Persist.Sessions.Sessions.SessionException">Thrown when <paramref name="entity"/> is not cached.</exception>
        </member>
        <member name="M:Junior.Persist.Persistence.Sessions.CacheKeySession`1.GetEntityId(System.Object,System.Guid)">
            <summary>
            Retrieves a cached entity's ID. If the entity is not already cached, then <paramref name="defaultEntityId"/> is returned.
            </summary>
            <param name="entity">A cached entity.</param>
            <param name="defaultEntityId">The ID to return if <paramref name="entity"/> is not cached.</param>
            <returns>The cached entity's ID if the entity is cached; otherwise, <paramref name="defaultEntityId"/>.</returns>
            <exception cref="T:System.ArgumentNullException">Thrown when <paramref name="entity"/> is null.</exception>
        </member>
        <member name="M:Junior.Persist.Persistence.Sessions.CacheKeySession`1.GetEntity(Junior.Persist.Data.CacheKey)">
            <summary>
            Retrieves a cached entity from the cache as a <see cref="T:Junior.Persist.Sessions.Sessions.CacheEntity`1"/> instance.
            </summary>
            <param name="cacheKey">The cache key for the related query.</param>
            <returns>The cached entity as a <see cref="T:Junior.Persist.Sessions.Sessions.CacheEntity`1"/> instance.</returns>
            <exception cref="T:System.ArgumentNullException">Thrown when <paramref name="cacheKey"/> is null.</exception>
            <exception cref="T:Junior.Persist.Sessions.Sessions.SessionException">Thrown when there is more than one entity associated with cache key.</exception>
        </member>
        <member name="M:Junior.Persist.Persistence.Sessions.CacheKeySession`1.GetEntities(Junior.Persist.Data.CacheKey)">
            <summary>
            Retrieves cached entities from the cache as <see cref="T:Junior.Persist.Sessions.Sessions.CacheEntity`1"/> instances.
            </summary>
            <param name="cacheKey">The cache key for the related query.</param>
            <returns>The cached entitys as <see cref="T:Junior.Persist.Sessions.Sessions.CacheEntity`1"/> instances.</returns>
            <exception cref="T:System.ArgumentNullException">Thrown when <paramref name="cacheKey"/> is null.</exception>
        </member>
        <member name="M:Junior.Persist.Persistence.Sessions.CacheKeySession`1.Clear``1">
            <summary>
            Instructs the cache to remove all entities of type <typeparamref name="TEntityToClear"/> from the cache.
            </summary>
            <typeparam name="TEntityToClear">The type of entity to remove from the cache.</typeparam>
        </member>
        <member name="M:Junior.Persist.Persistence.Sessions.CacheKeySession`1.Clear(System.Type)">
            <summary>
            Instructs the cache to remove all entities of the specified type from the cache.
            </summary>
            <param name="entityType">The type of entity to remove from the cache.</param>
            <exception cref="T:System.ArgumentNullException">Thrown when <paramref name="entityType"/> is null.</exception>
        </member>
        <member name="M:Junior.Persist.Persistence.Sessions.CacheKeySession`1.ClearAll">
            <summary>
            Instructs the cache to remove all entities from the cache.
            </summary>
        </member>
        <member name="M:Junior.Persist.Persistence.Sessions.CacheKeySession`1.LazyEntityWasCreated(Junior.Ddd.DomainModel.ILazyEntity{System.Object},System.Guid)">
            <summary>
            Notifies the cache that a lazy entity was created.
            </summary>
            <param name="lazyEntity">A lazy entity.</param>
            <param name="entityId">The ID associated with the entity to be lazy-loaded.</param>
            <exception cref="T:System.ArgumentNullException">Thrown when <paramref name="lazyEntity"/> is null.</exception>
            <exception cref="T:Junior.Persist.Sessions.Sessions.SessionException">Thrown when <paramref name="lazyEntity"/> is already cached.</exception>
        </member>
        <member name="M:Junior.Persist.Persistence.Sessions.CacheKeySession`1.GetEntityId(Junior.Ddd.DomainModel.ILazyEntity{System.Object})">
            <summary>
            Retrieves the ID of a lazy-loaded entity.
            </summary>
            <param name="lazyEntity">A lazy entity.</param>
            <returns>The ID of the lazy-loaded entity.</returns>
            <exception cref="T:System.ArgumentNullException">Thrown when <paramref name="lazyEntity"/> is null.</exception>
            <exception cref="T:Junior.Persist.Sessions.Sessions.SessionException">If <paramref name="lazyEntity"/> has been accessed, thrown when the entity is not cached.</exception>
            <exception cref="T:Junior.Persist.Sessions.Sessions.SessionException">If <paramref name="lazyEntity"/> has not been accessed, thrown when the lazy entity is not cached.</exception>
        </member>
        <member name="M:Junior.Persist.Persistence.Sessions.CacheKeySession`1.Dispose(System.Boolean)">
            <summary>
            The next outer scope on the current thread becomes the current context.
            </summary>
            <param name="disposing">When true, the next outer scope on the current thread becomes the current context; otherwise, a null operation.</param>
        </member>
        <member name="P:Junior.Persist.Persistence.Sessions.CacheKeySession`1.SessionId">
            <summary>
            Gets the session's ID.
            </summary>
        </member>
        <member name="T:Junior.Persist.Persistence.Sessions.CacheKeySessionManager`1">
            <summary>
            A session manager that uses <see cref="T:Junior.Persist.Data.CacheKey"/> as its cache key type.
            </summary>
        </member>
        <member name="M:Junior.Persist.Persistence.Sessions.CacheKeySessionManager`1.LazyEntityWasCreated``1(Junior.Ddd.DomainModel.ILazyEntity{``0},System.Guid)">
            <summary>
            Notifies the cache that a lazy entity was created.
            </summary>
            <param name="lazyEntity">A lazy entity.</param>
            <param name="entityId">The ID associated with the entity to be lazy-loaded.</param>
            <exception cref="T:Junior.Persist.Sessions.Sessions.SessionException">Thrown when there is no session context.</exception>
        </member>
        <member name="M:Junior.Persist.Persistence.Sessions.CacheKeySessionManager`1.GetEntityId``1(Junior.Ddd.DomainModel.ILazyEntity{``0})">
            <summary>
            Retrieves the ID of a lazy-loaded entity.
            </summary>
            <param name="lazyEntity">A lazy entity.</param>
            <returns>The ID of the lazy-loaded entity.</returns>
        </member>
        <member name="T:Junior.Persist.Persistence.Sessions.INonTransactionalCacheKeySession">
            <summary>
            Represents a non-transactional session that uses <see cref="T:Junior.Persist.Data.CacheKey"/> as its cache key type.
            </summary>
        </member>
        <member name="T:Junior.Persist.Persistence.Sessions.ITransactionalCacheKeySession">
            <summary>
            Represents a transactional session that uses <see cref="T:Junior.Persist.Data.CacheKey"/> as its cache key type.
            </summary>
        </member>
        <member name="M:Junior.Persist.Persistence.Sessions.ITransactionalCacheKeySession.Commit">
            <summary>
            Commits the current transaction.
            </summary>
        </member>
        <member name="T:Junior.Persist.Persistence.Sessions.NonTransactionalCacheKeySession">
            <summary>
            A non-transactional session that uses <see cref="T:Junior.Persist.Data.CacheKey"/> as its cache key type.
            </summary>
        </member>
        <member name="M:Junior.Persist.Persistence.Sessions.NonTransactionalCacheKeySession.#ctor">
            <summary>
            Initializes a new instance of the <see cref="T:Junior.Persist.Persistence.Sessions.NonTransactionalCacheKeySession"/> class.
            </summary>
        </member>
        <member name="M:Junior.Persist.Persistence.Sessions.NonTransactionalCacheKeySession.#ctor(Junior.Persist.Sessions.Sessions.ISessionObserver{Junior.Persist.Data.CacheKey,System.Object})">
            <summary>
            Initializes a new instance of the <see cref="T:Junior.Persist.Persistence.Sessions.NonTransactionalCacheKeySession"/> class.
            </summary>
            <param name="observer">An observer that will receive observed session actions.</param>
        </member>
        <member name="T:Junior.Persist.Persistence.Sessions.NonTransactionalCacheKeySessionManager">
            <summary>
            A non-transactional session manager that uses <see cref="T:Junior.Persist.Data.CacheKey"/> as its cache key type.
            </summary>
        </member>
        <member name="T:Junior.Persist.Persistence.Sessions.INonTransactionalCacheKeySessionManager">
            <summary>
            Represents a non-transactional session manager that uses <see cref="T:Junior.Persist.Data.CacheKey"/> as its cache key type.
            </summary>
        </member>
        <member name="M:Junior.Persist.Persistence.Sessions.NonTransactionalCacheKeySessionManager.Enroll">
            <summary>
            Enrolls in a session. An existing session context is used if there is one; otherwise, a new session context is created.
            </summary>
            <returns>A session.</returns>
        </member>
        <member name="M:Junior.Persist.Persistence.Sessions.NonTransactionalCacheKeySessionManager.Enroll(Junior.Persist.Sessions.Sessions.ISessionObserver{Junior.Persist.Data.CacheKey,System.Object})">
            <summary>
            Enrolls in a session. An existing session context is used if there is one; otherwise, a new session context is created.
            </summary>
            <param name="observer">An observer that will receive observed session actions.</param>
            <returns>A session.</returns>
            <exception cref="T:System.ArgumentNullException">Thrown when <paramref name="observer"/> is null.</exception>
        </member>
        <member name="P:Junior.Persist.Persistence.Sessions.NonTransactionalCacheKeySessionManager.Current">
            <summary>
            Gets the current session context.
            </summary>
        </member>
        <member name="T:Junior.Persist.Persistence.Sessions.CachingDataConnectorCache">
            <summary>
            A cache implementation used by data connectors to determine if an entity is already cached.
            <see cref="T:Junior.Persist.Persistence.Sessions.CachingDataConnectorCache"/> joins data connectors with the session cache indirectly.
            </summary>
        </member>
        <member name="M:Junior.Persist.Persistence.Sessions.CachingDataConnectorCache.#ctor(Junior.Persist.Sessions.Sessions.ISessionCache{Junior.Persist.Data.CacheKey,System.Object})">
            <summary>
            Initializes a new instance of the <see cref="T:Junior.Persist.Persistence.Sessions.CachingDataConnectorCache"/> class.
            </summary>
            <param name="sessionCache">A session cache.</param>
            <exception cref="T:System.ArgumentNullException">Thrown when <paramref name="sessionCache"/> is null.</exception>
        </member>
        <member name="M:Junior.Persist.Persistence.Sessions.CachingDataConnectorCache.IsCached(Junior.Persist.Data.CacheKey)">
            <summary>
            Determines if the specified cache key has been cached.
            </summary>
            <param name="key">A cache key.</param>
            <returns>true if the specified cache key has been cached; otherwise, false.</returns>
            <exception cref="T:System.ArgumentNullException">Thrown when <paramref name="key"/> is null.</exception>
        </member>
        <member name="T:Junior.Persist.Persistence.Sessions.ITransactionalCacheKeySessionManager">
            <summary>
            Represents a transactional session manager that uses <see cref="T:Junior.Persist.Data.CacheKey"/> as its cache key type.
            </summary>
        </member>
        <member name="T:Junior.Persist.Persistence.Sessions.TransactionalCacheKeySession">
            <summary>
            A transactional session that uses <see cref="T:Junior.Persist.Data.CacheKey"/> as its cache key type.
            </summary>
        </member>
        <member name="M:Junior.Persist.Persistence.Sessions.TransactionalCacheKeySession.#ctor(Junior.Persist.Sessions.Transactions.ITransaction)">
            <summary>
            Initializes a new instance of the <see cref="T:Junior.Persist.Persistence.Sessions.TransactionalCacheKeySession"/> class.
            </summary>
            <param name="transaction">The current transaction.</param>
            <exception cref="T:System.ArgumentNullException">Thrown when <paramref name="transaction"/> is null.</exception>
        </member>
        <member name="M:Junior.Persist.Persistence.Sessions.TransactionalCacheKeySession.#ctor(Junior.Persist.Sessions.Transactions.ITransaction,Junior.Persist.Sessions.Sessions.ISessionObserver{Junior.Persist.Data.CacheKey,System.Object})">
            <summary>
            Initializes a new instance of the <see cref="T:Junior.Persist.Persistence.Sessions.TransactionalCacheKeySession"/> class.
            </summary>
            <param name="transaction">The current transaction.</param>
            <param name="observer">An observer that will receive observed session actions.</param>
            <exception cref="T:System.ArgumentNullException">Thrown when <paramref name="transaction"/> is null.</exception>
        </member>
        <member name="M:Junior.Persist.Persistence.Sessions.TransactionalCacheKeySession.Commit">
            <summary>
            Commits the current transaction.
            </summary>
        </member>
        <member name="M:Junior.Persist.Persistence.Sessions.TransactionalCacheKeySession.Dispose(System.Boolean)">
            <summary>
            The next outer scope on the current thread becomes the current context.
            </summary>
            <param name="disposing">When true, the next outer scope on the current thread becomes the current context; otherwise, a null operation.</param>
        </member>
        <member name="T:Junior.Persist.Persistence.Sessions.TransactionalCacheKeySessionManager">
            <summary>
            A transactional session manager that uses <see cref="T:Junior.Persist.Data.CacheKey"/> as its cache key type.
            </summary>
        </member>
        <member name="M:Junior.Persist.Persistence.Sessions.TransactionalCacheKeySessionManager.#ctor(Junior.Persist.Sessions.Transactions.ITransactionManager)">
            <summary>
            Initializes a new instance of the <see cref="T:Junior.Persist.Persistence.Sessions.TransactionalCacheKeySessionManager"/> class.
            </summary>
            <param name="transactionManager">The current transaction manager.</param>
            <exception cref="T:System.ArgumentNullException">Thrown when <paramref name="transactionManager"/> is null.</exception>
        </member>
        <member name="M:Junior.Persist.Persistence.Sessions.TransactionalCacheKeySessionManager.Enroll">
            <summary>
            Enrolls in a session. An existing session context is used if there is one; otherwise, a new session context is created.
            </summary>
            <returns>A session.</returns>
        </member>
        <member name="M:Junior.Persist.Persistence.Sessions.TransactionalCacheKeySessionManager.Enroll(Junior.Persist.Sessions.Sessions.ISessionObserver{Junior.Persist.Data.CacheKey,System.Object})">
            <summary>
            Enrolls in a session. An existing session context is used if there is one; otherwise, a new session context is created.
            </summary>
            <param name="observer">An observer that will receive observed session actions.</param>
            <returns>A session.</returns>
            <exception cref="T:System.ArgumentNullException">Thrown when <paramref name="observer"/> is null.</exception>
        </member>
        <member name="P:Junior.Persist.Persistence.Sessions.TransactionalCacheKeySessionManager.Current">
            <summary>
            Gets the current session context.
            </summary>
        </member>
    </members>
</doc>
