<?xml version="1.0"?>
<doc>
    <assembly>
        <name>Junior.Persist.Data.MySql</name>
    </assembly>
    <members>
        <member name="T:Junior.Persist.Data.MySql.CachingGettingByIdMySqlDataConnector`1">
            <summary>
            A MySQL data connector that retrieves entities by ID and caches the results.
            </summary>
        </member>
        <member name="T:Junior.Persist.Data.MySql.MySqlDataConnector">
            <summary>
            A MySQL data connector.
            </summary>
        </member>
        <member name="M:Junior.Persist.Data.MySql.MySqlDataConnector.#ctor(Junior.Persist.Data.IConnectionProvider{MySql.Data.MySqlClient.MySqlConnection},Junior.Persist.Data.ICommandProvider{MySql.Data.MySqlClient.MySqlConnection,MySql.Data.MySqlClient.MySqlCommand,MySql.Data.MySqlClient.MySqlParameter},System.String)">
            <summary>
            Initializes a new instance of the <see cref="T:Junior.Persist.Data.MySql.MySqlDataConnector"/> type.
            </summary>
            <param name="connectionProvider">A connection provider.</param>
            <param name="commandProvider">A command provider.</param>
            <param name="connectionKey">A connection key.</param>
            <exception cref="T:System.ArgumentNullException">Thrown when <paramref name="connectionKey"/> is null.</exception>
        </member>
        <member name="M:Junior.Persist.Data.MySql.MySqlDataConnector.GetParameter``1(System.String,``0,MySql.Data.MySqlClient.MySqlDbType)">
            <summary>
            Gets a named parameter.
            </summary>
            <param name="parameterName">The parameter's name.</param>
            <param name="value">The parameter's value.</param>
            <param name="type">The provider's parameter type.</param>
            <returns>A named parameter.</returns>
            <exception cref="T:System.ArgumentNullException">Thrown when <paramref name="parameterName"/> is null.</exception>
        </member>
        <member name="M:Junior.Persist.Data.MySql.MySqlDataConnector.GetParameter``1(System.String,``0,MySql.Data.MySqlClient.MySqlDbType,System.Int32)">
            <summary>
            Gets a named parameter.
            </summary>
            <param name="parameterName">The parameter's name.</param>
            <param name="value">The parameter's value.</param>
            <param name="type">The provider's parameter type.</param>
            <param name="size">The parameter's size.</param>
            <returns>A named parameter.</returns>
            <exception cref="T:System.ArgumentNullException">Thrown when <paramref name="parameterName"/> is null.</exception>
        </member>
        <member name="M:Junior.Persist.Data.MySql.MySqlDataConnector.GetParameter``1(System.String,``0,MySql.Data.MySqlClient.MySqlDbType,System.Int32,System.Byte,System.Byte)">
            <summary>
            Gets a named parameter.
            </summary>
            <param name="parameterName">The parameter's name.</param>
            <param name="value">The parameter's value.</param>
            <param name="type">The provider's parameter type.</param>
            <param name="size">The parameter's size.</param>
            <param name="precision">The parameter's precision.</param>
            <param name="scale">The parameter's scale.</param>
            <returns>A named parameter.</returns>
            <exception cref="T:System.ArgumentNullException">Thrown when <paramref name="parameterName"/> is null.</exception>
        </member>
        <member name="M:Junior.Persist.Data.MySql.MySqlDataConnector.GetParameter``1(System.String,``0,MySql.Data.MySqlClient.MySqlDbType,System.Byte,System.Byte)">
            <summary>
            Gets a named parameter.
            </summary>
            <param name="parameterName">The parameter's name.</param>
            <param name="value">The parameter's value.</param>
            <param name="type">The provider's parameter type.</param>
            <param name="precision">The parameter's precision.</param>
            <param name="scale">The parameter's scale.</param>
            <returns>A named parameter.</returns>
            <exception cref="T:System.ArgumentNullException">Thrown when <paramref name="parameterName"/> is null.</exception>
        </member>
        <member name="M:Junior.Persist.Data.MySql.MySqlDataConnector.GetParameter(System.String,Junior.Common.BinaryGuid)">
            <summary>
            Gets a named parameter.
            </summary>
            <param name="parameterName">The parameter's name.</param>
            <param name="value">The parameter's value.</param>
            <returns>A named parameter.</returns>
            <exception cref="T:System.ArgumentNullException">Thrown when <paramref name="parameterName"/> is null.</exception>
        </member>
        <member name="M:Junior.Persist.Data.MySql.MySqlDataConnector.GetParameter(System.String,Junior.Common.PreciseDateTime)">
            <summary>
            Gets a named parameter.
            </summary>
            <param name="parameterName">The parameter's name.</param>
            <param name="value">The parameter's value.</param>
            <returns>A named parameter.</returns>
            <exception cref="T:System.ArgumentNullException">Thrown when <paramref name="parameterName"/> is null.</exception>
        </member>
        <member name="M:Junior.Persist.Data.MySql.MySqlDataConnector.GetParameter(System.String,System.Nullable{Junior.Common.BinaryGuid})">
            <summary>
            Gets a named parameter.
            </summary>
            <param name="parameterName">The parameter's name.</param>
            <param name="value">The parameter's value.</param>
            <returns>A named parameter.</returns>
            <exception cref="T:System.ArgumentNullException">Thrown when <paramref name="parameterName"/> is null.</exception>
        </member>
        <member name="M:Junior.Persist.Data.MySql.MySqlDataConnector.GetParameter(System.String,System.Nullable{Junior.Common.PreciseDateTime})">
            <summary>
            Gets a named parameter.
            </summary>
            <param name="parameterName">The parameter's name.</param>
            <param name="value">The parameter's value.</param>
            <returns>A named parameter.</returns>
            <exception cref="T:System.ArgumentNullException">Thrown when <paramref name="parameterName"/> is null.</exception>
        </member>
        <member name="M:Junior.Persist.Data.MySql.MySqlDataConnector.ExecuteNonQuery(System.String)">
            <summary>
            Executes a non-query SQL statement.
            </summary>
            <param name="sql">A SQL statement.</param>
            <returns>The number of rows affected by the SQL statement.</returns>
            <exception cref="T:System.ArgumentNullException">Thrown when <paramref name="sql"/> is null.</exception>
        </member>
        <member name="M:Junior.Persist.Data.MySql.MySqlDataConnector.ExecuteNonQuery(System.String,MySql.Data.MySqlClient.MySqlParameter[])">
            <summary>
            Executes a non-query SQL statement.
            </summary>
            <param name="sql">A SQL statement.</param>
            <param name="parameters">Named parameters.</param>
            <returns>The number of rows affected by the SQL statement.</returns>
            <exception cref="T:System.ArgumentNullException">Thrown when <paramref name="sql"/> is null.</exception>
        </member>
        <member name="M:Junior.Persist.Data.MySql.MySqlDataConnector.ExecuteNonQuery(System.String,System.Collections.Generic.IEnumerable{MySql.Data.MySqlClient.MySqlParameter})">
            <summary>
            Executes a non-query SQL statement.
            </summary>
            <param name="sql">A SQL statement.</param>
            <param name="parameters">Named parameters.</param>
            <returns>The number of rows affected by the SQL statement.</returns>
            <exception cref="T:System.ArgumentNullException">Thrown when <paramref name="sql"/> is null.</exception>
        </member>
        <member name="M:Junior.Persist.Data.MySql.MySqlDataConnector.ExecuteScalar``1(System.String)">
            <summary>
            Executes a SQL statement that returns a scalar value.
            </summary>
            <param name="sql">A SQL statement.</param>
            <returns>A scalar value.</returns>
            <exception cref="T:System.ArgumentNullException">Thrown when <paramref name="sql"/> is null.</exception>
        </member>
        <member name="M:Junior.Persist.Data.MySql.MySqlDataConnector.ExecuteScalar``1(System.String,MySql.Data.MySqlClient.MySqlParameter[])">
            <summary>
            Executes a SQL statement that returns a scalar value.
            </summary>
            <param name="sql">A SQL statement.</param>
            <param name="parameters">Named parameters.</param>
            <returns>A scalar value.</returns>
            <exception cref="T:System.ArgumentNullException">Thrown when <paramref name="sql"/> is null.</exception>
        </member>
        <member name="M:Junior.Persist.Data.MySql.MySqlDataConnector.ExecuteScalar``1(System.String,System.Collections.Generic.IEnumerable{MySql.Data.MySqlClient.MySqlParameter})">
            <summary>
            Executes a SQL statement that returns a scalar value.
            </summary>
            <param name="sql">A SQL statement.</param>
            <param name="parameters">Named parameters.</param>
            <returns>A scalar value.</returns>
            <exception cref="T:System.ArgumentNullException">Thrown when <paramref name="sql"/> is null.</exception>
        </member>
        <member name="M:Junior.Persist.Data.MySql.MySqlDataConnector.ExecuteReader(System.String)">
            <summary>
            Executes a SQL statement and returns a data reader.
            </summary>
            <param name="sql">A SQL statement.</param>
            <returns>A data reader.</returns>
            <exception cref="T:System.ArgumentNullException">Thrown when <paramref name="sql"/> is null.</exception>
        </member>
        <member name="M:Junior.Persist.Data.MySql.MySqlDataConnector.ExecuteReader(System.String,MySql.Data.MySqlClient.MySqlParameter[])">
            <summary>
            Executes a SQL statement and returns a data reader.
            </summary>
            <param name="sql">A SQL statement.</param>
            <param name="parameters">Named parameters.</param>
            <returns>A data reader.</returns>
            <exception cref="T:System.ArgumentNullException">Thrown when <paramref name="sql"/> is null.</exception>
        </member>
        <member name="M:Junior.Persist.Data.MySql.MySqlDataConnector.ExecuteReader(System.String,System.Collections.Generic.IEnumerable{MySql.Data.MySqlClient.MySqlParameter})">
            <summary>
            Executes a SQL statement and returns a data reader.
            </summary>
            <param name="sql">A SQL statement.</param>
            <param name="parameters">Named parameters.</param>
            <returns>A data reader.</returns>
            <exception cref="T:System.ArgumentNullException">Thrown when <paramref name="sql"/> is null.</exception>
        </member>
        <member name="M:Junior.Persist.Data.MySql.MySqlDataConnector.ExecuteProjection``1(System.String,System.Func{MySql.Data.MySqlClient.MySqlDataReader,``0})">
            <summary>
            Executes a SQL statement and processes data reader records through a projection delegate.
            </summary>
            <param name="sql">A SQL statement.</param>
            <param name="getProjectedObjectDelegate">A delegate that converts data reader records into <typeparamref name="T"/> instances.</param>
            <returns><typeparamref name="T"/> instances.</returns>
            <exception cref="T:System.ArgumentNullException">Thrown when <paramref name="sql"/> is null.</exception>
            <exception cref="T:System.ArgumentNullException">Thrown when <paramref name="getProjectedObjectDelegate"/> is null.</exception>
        </member>
        <member name="M:Junior.Persist.Data.MySql.MySqlDataConnector.ExecuteProjection``1(System.String,System.Func{MySql.Data.MySqlClient.MySqlDataReader,``0},MySql.Data.MySqlClient.MySqlParameter[])">
            <summary>
            Executes a SQL statement and processes data reader records through a projection delegate.
            </summary>
            <param name="sql">A SQL statement.</param>
            <param name="getProjectedObjectDelegate">A delegate that converts data reader records into <typeparamref name="T"/> instances.</param>
            <param name="parameters">Named parameters.</param>
            <returns><typeparamref name="T"/> instances.</returns>
            <exception cref="T:System.ArgumentNullException">Thrown when <paramref name="sql"/> is null.</exception>
            <exception cref="T:System.ArgumentNullException">Thrown when <paramref name="getProjectedObjectDelegate"/> is null.</exception>
        </member>
        <member name="M:Junior.Persist.Data.MySql.MySqlDataConnector.ExecuteProjection``1(System.String,System.Func{MySql.Data.MySqlClient.MySqlDataReader,``0},System.Collections.Generic.IEnumerable{MySql.Data.MySqlClient.MySqlParameter})">
            <summary>
            Executes a SQL statement and processes data reader records through a projection delegate.
            </summary>
            <param name="sql">A SQL statement.</param>
            <param name="getProjectedObjectDelegate">A delegate that converts data reader records into <typeparamref name="T"/> instances.</param>
            <param name="parameters">Named parameters.</param>
            <returns><typeparamref name="T"/> instances.</returns>
            <exception cref="T:System.ArgumentNullException">Thrown when <paramref name="sql"/> is null.</exception>
            <exception cref="T:System.ArgumentNullException">Thrown when <paramref name="getProjectedObjectDelegate"/> is null.</exception>
        </member>
        <member name="M:Junior.Persist.Data.MySql.MySqlDataConnector.ExecuteProjection``1(System.String,System.Func{System.Data.DataRow,``0})">
            <summary>
            Executes a SQL statement and processes <see cref="T:System.Data.DataRow"/> instances through a projection delegate.
            </summary>
            <param name="sql">A SQL statement.</param>
            <param name="getProjectedObjectDelegate">A delegate that converts <see cref="T:System.Data.DataRow"/> instances into <typeparamref name="T"/> instances.</param>
            <returns><typeparamref name="T"/> instances.</returns>
            <exception cref="T:System.ArgumentNullException">Thrown when <paramref name="sql"/> is null.</exception>
            <exception cref="T:System.ArgumentNullException">Thrown when <paramref name="getProjectedObjectDelegate"/> is null.</exception>
        </member>
        <member name="M:Junior.Persist.Data.MySql.MySqlDataConnector.ExecuteProjection``1(System.String,System.Func{System.Data.DataRow,``0},MySql.Data.MySqlClient.MySqlParameter[])">
            <summary>
            Executes a SQL statement and processes <see cref="T:System.Data.DataRow"/> instances through a projection delegate.
            </summary>
            <param name="sql">A SQL statement.</param>
            <param name="getProjectedObjectDelegate">A delegate that converts <see cref="T:System.Data.DataRow"/> instances into <typeparamref name="T"/> instances.</param>
            <param name="parameters">Named parameters.</param>
            <returns><typeparamref name="T"/> instances.</returns>
            <exception cref="T:System.ArgumentNullException">Thrown when <paramref name="sql"/> is null.</exception>
            <exception cref="T:System.ArgumentNullException">Thrown when <paramref name="getProjectedObjectDelegate"/> is null.</exception>
        </member>
        <member name="M:Junior.Persist.Data.MySql.MySqlDataConnector.ExecuteProjection``1(System.String,System.Func{System.Data.DataRow,``0},System.Collections.Generic.IEnumerable{MySql.Data.MySqlClient.MySqlParameter})">
            <summary>
            Executes a SQL statement and processes <see cref="T:System.Data.DataRow"/> instances through a projection delegate.
            </summary>
            <param name="sql">A SQL statement.</param>
            <param name="getProjectedObjectDelegate">A delegate that converts <see cref="T:System.Data.DataRow"/> instances into <typeparamref name="T"/> instances.</param>
            <param name="parameters">Named parameters.</param>
            <returns><typeparamref name="T"/> instances.</returns>
            <exception cref="T:System.ArgumentNullException">Thrown when <paramref name="sql"/> is null.</exception>
            <exception cref="T:System.ArgumentNullException">Thrown when <paramref name="getProjectedObjectDelegate"/> is null.</exception>
        </member>
        <member name="T:Junior.Persist.Data.MySql.ICachingGettingByIdDataConnector`1">
            <summary>
            Represents a data connector that retrieves entities by ID and caches the results.
            </summary>
        </member>
        <member name="M:Junior.Persist.Data.MySql.ICachingGettingByIdDataConnector`1.GetById(Junior.Common.BinaryGuid)">
            <summary>
            Retrieves entity data for an entity with the specified ID.
            </summary>
            <param name="id">An entity ID.</param>
            <returns>A query result specifying either cached entity data or containing the entity data itself for the specified entity ID.</returns>
        </member>
        <member name="M:Junior.Persist.Data.MySql.CachingGettingByIdMySqlDataConnector`1.#ctor(Junior.Persist.Data.IConnectionProvider{MySql.Data.MySqlClient.MySqlConnection},Junior.Persist.Data.ICommandProvider{MySql.Data.MySqlClient.MySqlConnection,MySql.Data.MySqlClient.MySqlCommand,MySql.Data.MySqlClient.MySqlParameter},Junior.Persist.Data.ICache{Junior.Persist.Data.CacheKey},System.String)">
            <summary>
            Initializes a new instance of the <see cref="T:Junior.Persist.Data.MySql.CachingGettingByIdMySqlDataConnector`1"/> class.
            </summary>
            <param name="connectionProvider">A connection provider.</param>
            <param name="commandProvider">A command provider.</param>
            <param name="cache">A cache.</param>
            <param name="connectionKey">A connection key.</param>
            <exception cref="T:System.ArgumentNullException">Thrown when <paramref name="cache"/> is null.</exception>
        </member>
        <member name="M:Junior.Persist.Data.MySql.CachingGettingByIdMySqlDataConnector`1.GetById(Junior.Common.BinaryGuid)">
            <summary>
            Retrieves entity data for an entity with the specified ID.
            </summary>
            <param name="id">An entity ID.</param>
            <returns>A query result specifying either cached entity data or containing the entity data itself for the specified entity ID.</returns>
        </member>
        <member name="M:Junior.Persist.Data.MySql.CachingGettingByIdMySqlDataConnector`1.GetEntityData(System.String)">
            <summary>
            Retrieves entity data by executing a SQL query.
            </summary>
            <param name="sql">A SQL query.</param>
            <returns>A query result specifying either cached entity data or containing the entity data itself.</returns>
            <exception cref="T:System.ArgumentNullException">Thrown when <paramref name="sql"/> is null.</exception>
        </member>
        <member name="M:Junior.Persist.Data.MySql.CachingGettingByIdMySqlDataConnector`1.GetEntityData(System.String,MySql.Data.MySqlClient.MySqlParameter[])">
            <summary>
            Retrieves entity data by executing a SQL query.
            </summary>
            <param name="sql">A SQL query.</param>
            <param name="parameters">Named parameters.</param>
            <returns>A query result specifying either cached entity data or containing the entity data itself.</returns>
            <exception cref="T:System.ArgumentNullException">Thrown when <paramref name="sql"/> is null.</exception>
        </member>
        <member name="M:Junior.Persist.Data.MySql.CachingGettingByIdMySqlDataConnector`1.GetEntityData(System.String,System.Collections.Generic.IEnumerable{MySql.Data.MySqlClient.MySqlParameter})">
            <summary>
            Retrieves entity data by executing a SQL query.
            </summary>
            <param name="sql">A SQL query.</param>
            <param name="parameters">Named parameters.</param>
            <returns>A query result specifying either cached entity data or containing the entity data itself.</returns>
            <exception cref="T:System.ArgumentNullException">Thrown when <paramref name="sql"/> is null.</exception>
            <exception cref="T:Junior.Persist.Data.MySql.TooManyRowsException">Thrown when the SQL query unexpectedly returns too many rows.</exception>
        </member>
        <member name="M:Junior.Persist.Data.MySql.CachingGettingByIdMySqlDataConnector`1.GetEntityDatas(System.String)">
            <summary>
            Retrieves data for multiple entities by executing a SQL query.
            </summary>
            <param name="sql">A SQL query.</param>
            <returns>A query result specifying either cached entity data or containing the entity data itself.</returns>
            <exception cref="T:System.ArgumentNullException">Thrown when <paramref name="sql"/> is null.</exception>
        </member>
        <member name="M:Junior.Persist.Data.MySql.CachingGettingByIdMySqlDataConnector`1.GetEntityDatas(System.String,MySql.Data.MySqlClient.MySqlParameter[])">
            <summary>
            Retrieves data for multiple entities by executing a SQL query.
            </summary>
            <param name="sql">A SQL query.</param>
            <param name="parameters">Named parameters.</param>
            <returns>A query result specifying either cached entity data or containing the entity data itself.</returns>
            <exception cref="T:System.ArgumentNullException">Thrown when <paramref name="sql"/> is null.</exception>
        </member>
        <member name="M:Junior.Persist.Data.MySql.CachingGettingByIdMySqlDataConnector`1.GetEntityDatas(System.String,System.Collections.Generic.IEnumerable{MySql.Data.MySqlClient.MySqlParameter})">
            <summary>
            Retrieves data for multiple entities by executing a SQL query.
            </summary>
            <param name="sql">A SQL query.</param>
            <param name="parameters">Named parameters.</param>
            <returns>A query result specifying either cached entity data or containing the entity data itself.</returns>
            <exception cref="T:System.ArgumentNullException">Thrown when <paramref name="sql"/> is null.</exception>
        </member>
        <member name="M:Junior.Persist.Data.MySql.CachingGettingByIdMySqlDataConnector`1.GetEntityData(System.Data.DataRow)">
            <summary>
            Converts a <see cref="T:System.Data.DataRow"/> to entity data.
            </summary>
            <param name="row">A <see cref="T:System.Data.DataRow"/> instance.</param>
            <returns>Entity data populated with data from <paramref name="row"/>.</returns>
        </member>
        <member name="T:Junior.Persist.Data.MySql.GettingByIdMySqlDataConnector`1">
            <summary>
            A MySQL data connector that retrieves entities by ID.
            </summary>
        </member>
        <member name="T:Junior.Persist.Data.MySql.IGettingByIdDataConnector`1">
            <summary>
            Represents a data connector that retrieves entities by ID.
            </summary>
            <typeparam name="TEntityData"></typeparam>
        </member>
        <member name="M:Junior.Persist.Data.MySql.IGettingByIdDataConnector`1.GetById(Junior.Common.BinaryGuid)">
            <summary>
            Retrieves entity data for an entity with the specified ID.
            </summary>
            <param name="id">An entity ID.</param>
            <returns>Entity data for an entity with the specified ID.</returns>
        </member>
        <member name="M:Junior.Persist.Data.MySql.GettingByIdMySqlDataConnector`1.#ctor(Junior.Persist.Data.IConnectionProvider{MySql.Data.MySqlClient.MySqlConnection},Junior.Persist.Data.ICommandProvider{MySql.Data.MySqlClient.MySqlConnection,MySql.Data.MySqlClient.MySqlCommand,MySql.Data.MySqlClient.MySqlParameter},System.String)">
            <summary>
            Initializes a new instance of the <see cref="T:Junior.Persist.Data.MySql.GettingByIdMySqlDataConnector`1"/> class.
            </summary>
            <param name="connectionProvider">A connection provider.</param>
            <param name="commandProvider">A command provider.</param>
            <param name="connectionKey">A connection key.</param>
            <exception cref="T:System.ArgumentNullException">Thrown when <paramref name="connectionProvider"/> is null.</exception>
            <exception cref="T:System.ArgumentNullException">Thrown when <paramref name="commandProvider"/> is null.</exception>
            <exception cref="T:System.ArgumentNullException">Thrown when <paramref name="connectionKey"/> is null.</exception>
        </member>
        <member name="M:Junior.Persist.Data.MySql.GettingByIdMySqlDataConnector`1.GetById(Junior.Common.BinaryGuid)">
            <summary>
            Retrieves entity data for an entity with the specified ID.
            </summary>
            <param name="id">An entity ID.</param>
            <returns>Entity data for an entity with the specified ID.</returns>
        </member>
        <member name="M:Junior.Persist.Data.MySql.GettingByIdMySqlDataConnector`1.GetEntityData(System.String)">
            <summary>
            Retrieves entity data by executing a SQL query.
            </summary>
            <param name="sql">A SQL query.</param>
            <returns>Entity data.</returns>
            <exception cref="T:System.ArgumentNullException">Thrown when <paramref name="sql"/> is null.</exception>
        </member>
        <member name="M:Junior.Persist.Data.MySql.GettingByIdMySqlDataConnector`1.GetEntityData(System.String,MySql.Data.MySqlClient.MySqlParameter[])">
            <summary>
            Retrieves entity data by executing a SQL query.
            </summary>
            <param name="sql">A SQL query.</param>
            <param name="parameters">Named parameters.</param>
            <returns>Entity data.</returns>
            <exception cref="T:System.ArgumentNullException">Thrown when <paramref name="sql"/> is null.</exception>
        </member>
        <member name="M:Junior.Persist.Data.MySql.GettingByIdMySqlDataConnector`1.GetEntityData(System.String,System.Collections.Generic.IEnumerable{MySql.Data.MySqlClient.MySqlParameter})">
            <summary>
            Retrieves entity data by executing a SQL query.
            </summary>
            <param name="sql">A SQL query.</param>
            <param name="parameters">Named parameters.</param>
            <returns>Entity data.</returns>
            <exception cref="T:System.ArgumentNullException">Thrown when <paramref name="sql"/> is null.</exception>
            <exception cref="T:Junior.Persist.Data.MySql.TooManyRowsException">Thrown when the SQL query unexpectedly returns too many rows.</exception>
        </member>
        <member name="M:Junior.Persist.Data.MySql.GettingByIdMySqlDataConnector`1.GetEntityDatas(System.String)">
            <summary>
            Retrieves data for multiple entities by executing a SQL query.
            </summary>
            <param name="sql">A SQL query.</param>
            <returns>Entity data.</returns>
            <exception cref="T:System.ArgumentNullException">Thrown when <paramref name="sql"/> is null.</exception>
        </member>
        <member name="M:Junior.Persist.Data.MySql.GettingByIdMySqlDataConnector`1.GetEntityDatas(System.String,MySql.Data.MySqlClient.MySqlParameter[])">
            <summary>
            Retrieves data for multiple entities by executing a SQL query.
            </summary>
            <param name="sql">A SQL query.</param>
            <param name="parameters">Named parameters.</param>
            <returns>Entity data.</returns>
            <exception cref="T:System.ArgumentNullException">Thrown when <paramref name="sql"/> is null.</exception>
        </member>
        <member name="M:Junior.Persist.Data.MySql.GettingByIdMySqlDataConnector`1.GetEntityDatas(System.String,System.Collections.Generic.IEnumerable{MySql.Data.MySqlClient.MySqlParameter})">
            <summary>
            Retrieves data for multiple entities by executing a SQL query.
            </summary>
            <param name="sql">A SQL query.</param>
            <param name="parameters">Named parameters.</param>
            <returns>Entity data.</returns>
            <exception cref="T:System.ArgumentNullException">Thrown when <paramref name="sql"/> is null.</exception>
        </member>
        <member name="M:Junior.Persist.Data.MySql.GettingByIdMySqlDataConnector`1.GetEntityData(System.Data.DataRow)">
            <summary>
            Converts a <see cref="T:System.Data.DataRow"/> to entity data.
            </summary>
            <param name="row">A <see cref="T:System.Data.DataRow"/> instance.</param>
            <returns>Entity data populated with data from <paramref name="row"/>.</returns>
        </member>
        <member name="T:Junior.Persist.Data.MySql.GettingMySqlDataConnector`1">
            <summary>
            A MySQL data connector that retrieves data.
            </summary>
        </member>
        <member name="M:Junior.Persist.Data.MySql.GettingMySqlDataConnector`1.#ctor(Junior.Persist.Data.IConnectionProvider{MySql.Data.MySqlClient.MySqlConnection},Junior.Persist.Data.ICommandProvider{MySql.Data.MySqlClient.MySqlConnection,MySql.Data.MySqlClient.MySqlCommand,MySql.Data.MySqlClient.MySqlParameter},System.String)">
            <summary>
            Initializes a new instance of the <see cref="T:Junior.Persist.Data.MySql.GettingMySqlDataConnector`1"/> class.
            </summary>
            <param name="connectionProvider">A connection provider.</param>
            <param name="commandProvider">A command provider.</param>
            <param name="connectionKey">A connection key.</param>
            <exception cref="T:System.ArgumentNullException">Thrown when <paramref name="connectionProvider"/> is null.</exception>
            <exception cref="T:System.ArgumentNullException">Thrown when <paramref name="commandProvider"/> is null.</exception>
            <exception cref="T:System.ArgumentNullException">Thrown when <paramref name="connectionKey"/> is null.</exception>
        </member>
        <member name="M:Junior.Persist.Data.MySql.GettingMySqlDataConnector`1.GetData(System.String)">
            <summary>
            Retrieves data by executing a SQL query.
            </summary>
            <param name="sql">A SQL query.</param>
            <returns>Data.</returns>
            <exception cref="T:System.ArgumentNullException">Thrown when <paramref name="sql"/> is null.</exception>
        </member>
        <member name="M:Junior.Persist.Data.MySql.GettingMySqlDataConnector`1.GetData(System.String,MySql.Data.MySqlClient.MySqlParameter[])">
            <summary>
            Retrieves data by executing a SQL query.
            </summary>
            <param name="sql">A SQL query.</param>
            <param name="parameters">Named parameters.</param>
            <returns>Data.</returns>
            <exception cref="T:System.ArgumentNullException">Thrown when <paramref name="sql"/> is null.</exception>
        </member>
        <member name="M:Junior.Persist.Data.MySql.GettingMySqlDataConnector`1.GetData(System.String,System.Collections.Generic.IEnumerable{MySql.Data.MySqlClient.MySqlParameter})">
            <summary>
            Retrieves data by executing a SQL query.
            </summary>
            <param name="sql">A SQL query.</param>
            <param name="parameters">Named parameters.</param>
            <returns>Data.</returns>
            <exception cref="T:System.ArgumentNullException">Thrown when <paramref name="sql"/> is null.</exception>
        </member>
        <member name="M:Junior.Persist.Data.MySql.GettingMySqlDataConnector`1.GetDatas(System.String)">
            <summary>
            Retrieves data by executing a SQL query.
            </summary>
            <param name="sql">A SQL query.</param>
            <returns>Data.</returns>
            <exception cref="T:System.ArgumentNullException">Thrown when <paramref name="sql"/> is null.</exception>
        </member>
        <member name="M:Junior.Persist.Data.MySql.GettingMySqlDataConnector`1.GetDatas(System.String,MySql.Data.MySqlClient.MySqlParameter[])">
            <summary>
            Retrieves data by executing a SQL query.
            </summary>
            <param name="sql">A SQL query.</param>
            <param name="parameters">Named parameters.</param>
            <returns>Data.</returns>
            <exception cref="T:System.ArgumentNullException">Thrown when <paramref name="sql"/> is null.</exception>
        </member>
        <member name="M:Junior.Persist.Data.MySql.GettingMySqlDataConnector`1.GetDatas(System.String,System.Collections.Generic.IEnumerable{MySql.Data.MySqlClient.MySqlParameter})">
            <summary>
            Retrieves data by executing a SQL query.
            </summary>
            <param name="sql">A SQL query.</param>
            <param name="parameters">Named parameters.</param>
            <returns>Data.</returns>
            <exception cref="T:System.ArgumentNullException">Thrown when <paramref name="sql"/> is null.</exception>
        </member>
        <member name="M:Junior.Persist.Data.MySql.GettingMySqlDataConnector`1.GetData(System.Data.DataRow)">
            <summary>
            Converts a <see cref="T:System.Data.DataRow"/> to data.
            </summary>
            <param name="row">A <see cref="T:System.Data.DataRow"/> instance.</param>
            <returns>Data populated with data from <paramref name="row"/>.</returns>
        </member>
        <member name="T:Junior.Persist.Data.MySql.IDeletingByIdDataConnector">
            <summary>
            Represents a data connector that deletes entities by ID.
            </summary>
        </member>
        <member name="M:Junior.Persist.Data.MySql.IDeletingByIdDataConnector.DeleteById(Junior.Common.BinaryGuid)">
            <summary>
            Deletes an entity with the specified ID.
            </summary>
            <param name="id">An entity ID.</param>
        </member>
        <member name="T:Junior.Persist.Data.MySql.IEntityData">
            <summary>
            Represents entity data.
            </summary>
        </member>
        <member name="P:Junior.Persist.Data.MySql.IEntityData.Id">
            <summary>
            Gets an entity ID.
            </summary>
        </member>
        <member name="T:Junior.Persist.Data.MySql.IInsertingOrUpdatingDataConnector`1">
            <summary>
            Represents a data connector that inserts and updates entities.
            </summary>
        </member>
        <member name="M:Junior.Persist.Data.MySql.IInsertingOrUpdatingDataConnector`1.InsertOrUpdate(`0)">
            <summary>
            Insert the specified entity data if the entity it identifies has not been persisted; otherwise, update the entity data.
            </summary>
            <param name="entityData">Entity data.</param>
        </member>
        <member name="T:Junior.Persist.Data.MySql.MySqlCommandProvider">
            <summary>
            Retrieves <see cref="T:MySql.Data.MySqlClient.MySqlCommand"/> instances.
            </summary>
        </member>
        <member name="M:Junior.Persist.Data.MySql.MySqlCommandProvider.#ctor(Junior.Persist.Data.ICommandTimeoutProvider)">
            <summary>
            Initializes a new instance of the <see cref="T:Junior.Persist.Data.MySql.MySqlCommandProvider"/> class.
            </summary>
            <param name="commandTimeoutProvider">A command timeout provider.</param>
            <exception cref="T:System.ArgumentNullException">Thrown when <paramref name="commandTimeoutProvider"/> is null.</exception>
        </member>
        <member name="M:Junior.Persist.Data.MySql.MySqlCommandProvider.GetCommand(System.String,MySql.Data.MySqlClient.MySqlConnection,System.String,MySql.Data.MySqlClient.MySqlParameter[])">
            <summary>
            Retrieves a <see cref="T:MySql.Data.MySqlClient.MySqlCommand"/> instance for the specified connection key, connection, SQL statement and parameters.
            </summary>
            <param name="connectionKey">A connection key. <paramref name="connectionKey"/> is used to retrieve the command timeout.</param>
            <param name="connection">A connection.</param>
            <param name="sql">A SQL statement.</param>
            <param name="parameters">Named parameters.</param>
            <returns>A command.</returns>
            <exception cref="T:System.ArgumentNullException">Thrown when <paramref name="connection"/> is null.</exception>
            <exception cref="T:System.ArgumentNullException">Thrown when <paramref name="sql"/> is null.</exception>
        </member>
        <member name="M:Junior.Persist.Data.MySql.MySqlCommandProvider.GetCommand(System.String,MySql.Data.MySqlClient.MySqlConnection,System.String,System.Collections.Generic.IEnumerable{MySql.Data.MySqlClient.MySqlParameter})">
            <summary>
            Retrieves a <see cref="T:MySql.Data.MySqlClient.MySqlCommand"/> instance for the specified connection key, connection, SQL statement and parameters.
            </summary>
            <param name="connectionKey">A connection key. <paramref name="connectionKey"/> is used to retrieve the command timeout.</param>
            <param name="connection">A connection.</param>
            <param name="sql">A SQL statement.</param>
            <param name="parameters">Named parameters.</param>
            <returns>A command.</returns>
            <exception cref="T:System.ArgumentNullException">Thrown when <paramref name="connection"/> is null.</exception>
            <exception cref="T:System.ArgumentNullException">Thrown when <paramref name="sql"/> is null.</exception>
        </member>
        <member name="T:Junior.Persist.Data.MySql.MySqlConnectionProvider">
            <summary>
            Retrieves <see cref="T:MySql.Data.MySqlClient.MySqlConnection"/> instances.
            </summary>
        </member>
        <member name="M:Junior.Persist.Data.MySql.MySqlConnectionProvider.#ctor(Junior.Persist.Data.IConnectionStringProvider)">
            <summary>
            Initializes a new instance of the <see cref="T:Junior.Persist.Data.MySql.MySqlCommandProvider"/> class.
            </summary>
            <param name="connectionStringProvider">A connection string provider.</param>
            <exception cref="T:System.ArgumentNullException">Thrown when <paramref name="connectionStringProvider"/> is null.</exception>
        </member>
        <member name="M:Junior.Persist.Data.MySql.MySqlConnectionProvider.GetConnection(System.String,System.Boolean)">
            <summary>
            Retrieves a <see cref="T:MySql.Data.MySqlClient.MySqlConnection"/> instance for the specified connection key.
            </summary>
            <param name="connectionKey">A connection key. <paramref name="connectionKey"/> is used to retrieve the command timeout.</param>
            <param name="openConnection">Indicates if the connection should be opened before it is returned.</param>
            <returns>A connection.</returns>
        </member>
        <member name="T:Junior.Persist.Data.MySql.MySqlDataReaderExtensions">
            <summary>
            Extensions for the <see cref="T:MySql.Data.MySqlClient.MySqlDataReader"/> type.
            </summary>
        </member>
        <member name="M:Junior.Persist.Data.MySql.MySqlDataReaderExtensions.GetValue``1(MySql.Data.MySqlClient.MySqlDataReader,System.String)">
            <summary>
            Gets a value as type <typeparamref name="T"/> from the specified data reader.
            </summary>
            <param name="reader">A data reader.</param>
            <param name="column">A column name.</param>
            <typeparam name="T">The data type.</typeparam>
            <returns>The column value.</returns>
            <exception cref="T:System.ArgumentNullException">Thrown when <paramref name="reader"/> is null.</exception>
            <exception cref="T:System.ArgumentNullException">Thrown when <paramref name="column"/> is null.</exception>
        </member>
        <member name="M:Junior.Persist.Data.MySql.MySqlDataReaderExtensions.GetBinaryGuid(MySql.Data.MySqlClient.MySqlDataReader,System.String)">
            <summary>
            Gets a binary GUID from the specified data reader.
            </summary>
            <param name="reader">A data reader.</param>
            <param name="column">A column name.</param>
            <returns>A precise date-time</returns>
            <exception cref="T:System.ArgumentNullException">Thrown when <paramref name="reader"/> is null.</exception>
            <exception cref="T:System.ArgumentNullException">Thrown when <paramref name="column"/> is null.</exception>
        </member>
        <member name="M:Junior.Persist.Data.MySql.MySqlDataReaderExtensions.GetPreciseDateTime(MySql.Data.MySqlClient.MySqlDataReader,System.String)">
            <summary>
            Gets a precise date-time from the specified data reader.
            </summary>
            <param name="reader">A data reader.</param>
            <param name="column">A column name.</param>
            <returns>A precise date-time</returns>
            <exception cref="T:System.ArgumentNullException">Thrown when <paramref name="reader"/> is null.</exception>
            <exception cref="T:System.ArgumentNullException">Thrown when <paramref name="column"/> is null.</exception>
        </member>
        <member name="T:Junior.Persist.Data.MySql.TooManyRowsException">
            <summary>
            An exception thrown when a SQL query unexpectedly returns too many rows.
            </summary>
        </member>
        <member name="M:Junior.Persist.Data.MySql.TooManyRowsException.#ctor">
            <summary>
            Initializes a new instance of the <see cref="T:Junior.Persist.Data.MySql.TooManyRowsException"/> class.
            </summary>
        </member>
        <member name="M:Junior.Persist.Data.MySql.TooManyRowsException.#ctor(System.String)">
            <summary>
            Initializes a new instance of the <see cref="T:Junior.Persist.Data.MySql.TooManyRowsException"/> class.
            </summary>
            <param name="message">The message that describes the error.</param>
        </member>
        <member name="M:Junior.Persist.Data.MySql.TooManyRowsException.#ctor(System.String,System.Exception)">
            <summary>
            Initializes a new instance of the <see cref="T:Junior.Persist.Data.MySql.TooManyRowsException"/> class.
            </summary>
            <param name="message">The message that describes the error.</param>
            <param name="innerException">The exception that is the cause of the current exception, or a null reference (Nothing in Visual Basic) if no inner exception is specified.</param>
        </member>
        <member name="M:Junior.Persist.Data.MySql.TooManyRowsException.#ctor(System.Runtime.Serialization.SerializationInfo,System.Runtime.Serialization.StreamingContext)">
            <summary>
            Initializes a new instance of the <see cref="T:Junior.Persist.Data.MySql.TooManyRowsException"/> class with serialized data.
            </summary>
            <param name="info">The object that holds the serialized object data.</param>
            <param name="context">The contextual information about the source or destination.</param>
        </member>
    </members>
</doc>
