<?xml version="1.0"?>
<doc>
    <assembly>
        <name>Junior.Persist.Data.ActiveRecord</name>
    </assembly>
    <members>
        <member name="T:Junior.Persist.Data.ActiveRecord.BinaryGuidUserType">
            <summary>
            An NHibernate user type representing a GUID stored as an array.
            </summary>
        </member>
        <member name="T:Junior.Persist.Data.ActiveRecord.PreciseDateTimeUserType">
            <summary>
            An NHibernate user type representing a DateTime as a 64-bit integer.
            </summary>
        </member>
    </members>
</doc>
