<?xml version="1.0"?>
<doc>
    <assembly>
        <name>Junior.Persist.Persistence.SqlServer</name>
    </assembly>
    <members>
        <member name="T:Junior.Persist.Persistence.SqlServer.Finders.ByIdFinder`3">
            <summary>
            Finds an entity by ID.
            </summary>
        </member>
        <member name="M:Junior.Persist.Persistence.SqlServer.Finders.ByIdFinder`3.#ctor(`2)">
            <summary>
            Initializes a new instance of the <see cref="T:Junior.Persist.Persistence.SqlServer.Finders.ByIdFinder`3"/> class.
            </summary>
            <param name="dataConnector">The data connector that finds entity data.</param>
            <exception cref="T:System.ArgumentNullException">Thrown when <paramref name="dataConnector"/> is null.</exception>
        </member>
        <member name="M:Junior.Persist.Persistence.SqlServer.Finders.ByIdFinder`3.ById(System.Guid,Junior.Persist.Persistence.Finders.EntityNotFoundHandling)">
            <summary>
            Finds an entity by ID.
            </summary>
            <param name="id">An entity ID.</param>
            <param name="entityNotFoundHandling">Determines how to handle when entity data is not found.</param>
            <returns>An entity.</returns>
        </member>
        <member name="P:Junior.Persist.Persistence.SqlServer.Finders.ByIdFinder`3.DataConnector">
            <summary>
            Gets the data connector that finds entity data.
            </summary>
        </member>
        <member name="T:Junior.Persist.Persistence.SqlServer.Finders.CachingByIdFinder`3">
            <summary>
            Finds and caches an entity by ID.
            </summary>
        </member>
        <member name="M:Junior.Persist.Persistence.SqlServer.Finders.CachingByIdFinder`3.#ctor(Junior.Persist.Sessions.Sessions.ISessionCache{Junior.Persist.Data.CacheKey,System.Object},`2)">
            <summary>
            Initializes a new instance of the <see cref="T:Junior.Persist.Persistence.SqlServer.Finders.CachingByIdFinder`3"/> class.
            </summary>
            <param name="sessionCache">The session cache to use when caching entities.</param>
            <param name="dataConnector">A data connector that finds entity data.</param>
        </member>
        <member name="M:Junior.Persist.Persistence.SqlServer.Finders.CachingByIdFinder`3.ById(System.Guid,Junior.Persist.Persistence.Finders.EntityNotFoundHandling)">
            <summary>
            Finds an entity by ID.
            </summary>
            <param name="id">An entity ID.</param>
            <param name="entityNotFoundHandling">Determines how to handle when entity data is not found.</param>
            <returns>An entity.</returns>
        </member>
        <member name="P:Junior.Persist.Persistence.SqlServer.Finders.CachingByIdFinder`3.DataConnector">
            <summary>
            Gets the data connector that finds entity data.
            </summary>
        </member>
        <member name="T:Junior.Persist.Persistence.SqlServer.Repositories.PersistingDeletingCacheKeyCachingRepository`3">
            <summary>
            A repository that persists, deletes and caches entities using <see cref="T:Junior.Persist.Data.CacheKey"/> as its cache key type.
            </summary>
        </member>
        <member name="T:Junior.Persist.Persistence.SqlServer.Repositories.PersistingCacheKeyCachingRepository`3">
            <summary>
            A repository that persists and caches entities using <see cref="T:Junior.Persist.Data.CacheKey"/> as its cache key type.
            </summary>
        </member>
        <member name="M:Junior.Persist.Persistence.SqlServer.Repositories.PersistingCacheKeyCachingRepository`3.#ctor(Junior.Persist.Sessions.Sessions.ISessionCache{Junior.Persist.Data.CacheKey,System.Object},Junior.Persist.Persistence.Repositories.IEntityIdFactory,`2,System.Func{Junior.Persist.Sessions.Sessions.CacheEntity{`0},`1})">
            <summary>
            Initializes a new instance of the <see cref="T:Junior.Persist.Persistence.SqlServer.Repositories.PersistingCacheKeyCachingRepository`3"/> class.
            </summary>
            <param name="sessionCache">The session cache to use when caching entities.</param>
            <param name="entityIdFactory">Generates new entity IDs when entities that are not in the cache are persisted.</param>
            <param name="dataConnector">A data connector that writes entity data.</param>
            <param name="entityDataMappingDelegate">A delegate that converts an entity into entity data.</param>
            <exception cref="T:System.ArgumentNullException">Thrown when <paramref name="sessionCache"/> is null.</exception>
            <exception cref="T:System.ArgumentNullException">Thrown when <paramref name="entityIdFactory"/> is null.</exception>
            <exception cref="T:System.ArgumentNullException">Thrown when <paramref name="dataConnector"/> is null.</exception>
            <exception cref="T:System.ArgumentNullException">Thrown when <paramref name="entityDataMappingDelegate"/> is null.</exception>
        </member>
        <member name="M:Junior.Persist.Persistence.SqlServer.Repositories.PersistingCacheKeyCachingRepository`3.Persist(`0)">
            <summary>
            Persists an entity.
            </summary>
            <param name="entity">The entity to persist.</param>
            <returns>The entity's ID.</returns>
            <exception cref="T:System.ArgumentNullException">Thrown when <paramref name="entity"/> is null.</exception>
        </member>
        <member name="M:Junior.Persist.Persistence.SqlServer.Repositories.PersistingCacheKeyCachingRepository`3.Persist(System.Collections.Generic.IEnumerable{`0})">
            <summary>
            Persists entities and retrieves them as <see cref="T:Junior.Persist.Sessions.Sessions.CacheEntity`1"/> instances.
            </summary>
            <param name="entities">The entities to persist.</param>
            <returns>The entities as <see cref="T:Junior.Persist.Sessions.Sessions.CacheEntity`1"/> instances.</returns>
            <exception cref="T:System.ArgumentNullException">Thrown when <paramref name="entities"/> is null.</exception>
        </member>
        <member name="M:Junior.Persist.Persistence.SqlServer.Repositories.PersistingCacheKeyCachingRepository`3.Persist(Junior.Ddd.DomainModel.LazyEntities{`0})">
            <summary>
            Persists lazy entities and retrieves them as <see cref="T:Junior.Persist.Sessions.Sessions.CacheEntity`1"/> instances.
            </summary>
            <param name="entities">The lazy entities to persist.</param>
            <returns>The entities as <see cref="T:Junior.Persist.Sessions.Sessions.CacheEntity`1"/> instances.</returns>
            <exception cref="T:System.ArgumentNullException">Thrown when <paramref name="entities"/> is null.</exception>
        </member>
        <member name="M:Junior.Persist.Persistence.SqlServer.Repositories.PersistingCacheKeyCachingRepository`3.PersistRelated(`0)">
            <summary>
            Persists entities related to <paramref name="entity"/>.
            </summary>
            <param name="entity">The entity whose related entities are to be persisted.</param>
            <exception cref="T:System.ArgumentNullException">Thrown when <paramref name="entity"/> is null.</exception>
        </member>
        <member name="P:Junior.Persist.Persistence.SqlServer.Repositories.PersistingCacheKeyCachingRepository`3.DataConnector">
            <summary>
            Gets the data connector that writes entity data.
            </summary>
        </member>
        <member name="P:Junior.Persist.Persistence.SqlServer.Repositories.PersistingCacheKeyCachingRepository`3.SessionCache">
            <summary>
            Gets the session cache used to cache entities.
            </summary>
        </member>
        <member name="M:Junior.Persist.Persistence.SqlServer.Repositories.PersistingDeletingCacheKeyCachingRepository`3.#ctor(Junior.Persist.Sessions.Sessions.ISessionCache{Junior.Persist.Data.CacheKey,System.Object},Junior.Persist.Persistence.Repositories.IEntityIdFactory,`2,System.Func{Junior.Persist.Sessions.Sessions.CacheEntity{`0},`1})">
            <summary>
            Initializes a new instance of the <see cref="T:Junior.Persist.Persistence.SqlServer.Repositories.PersistingDeletingCacheKeyCachingRepository`3"/> class.
            </summary>
            <param name="sessionCache">The session cache to use when caching entities.</param>
            <param name="entityIdFactory">Generates new entity IDs when entities that are not in the cache are persisted.</param>
            <param name="dataConnector">A data connector that writes entity data.</param>
            <param name="entityDataMappingDelegate">A delegate that converts an entity into entity data.</param>
            <exception cref="T:System.ArgumentNullException">Thrown when <paramref name="sessionCache"/> is null.</exception>
            <exception cref="T:System.ArgumentNullException">Thrown when <paramref name="entityIdFactory"/> is null.</exception>
            <exception cref="T:System.ArgumentNullException">Thrown when <paramref name="dataConnector"/> is null.</exception>
            <exception cref="T:System.ArgumentNullException">Thrown when <paramref name="entityDataMappingDelegate"/> is null.</exception>
        </member>
        <member name="M:Junior.Persist.Persistence.SqlServer.Repositories.PersistingDeletingCacheKeyCachingRepository`3.Delete(`0)">
            <summary>
            Deletes an entity.
            </summary>
            <param name="entity">The entity to delete.</param>
        </member>
        <member name="P:Junior.Persist.Persistence.SqlServer.Repositories.PersistingDeletingCacheKeyCachingRepository`3.RelatedEntityTypesToClearFromCache">
            <summary>
            Gets the entity types that will be cleared from the cache when deleting entities with this repository.
            </summary>
        </member>
        <member name="T:Junior.Persist.Persistence.SqlServer.Repositories.PersistingDeletingCacheKeyCachingRepository`4">
            <summary>
            A repository that persists, deletes and caches entities by parent using <see cref="T:Junior.Persist.Data.CacheKey"/> as its cache key type.
            </summary>
        </member>
        <member name="T:Junior.Persist.Persistence.SqlServer.Repositories.PersistingCacheKeyCachingRepository`4">
            <summary>
            A repository that persists and caches entities by parent using <see cref="T:Junior.Persist.Data.CacheKey"/> as its cache key type.
            </summary>
        </member>
        <member name="M:Junior.Persist.Persistence.SqlServer.Repositories.PersistingCacheKeyCachingRepository`4.#ctor(Junior.Persist.Sessions.Sessions.ISessionCache{Junior.Persist.Data.CacheKey,System.Object},Junior.Persist.Persistence.Repositories.IEntityIdFactory,`3,System.Func{`0,Junior.Persist.Sessions.Sessions.CacheEntity{`1},`2})">
            <summary>
            Initializes a new instance of the <see cref="T:Junior.Persist.Persistence.SqlServer.Repositories.PersistingCacheKeyCachingRepository`3"/> class.
            </summary>
            <param name="sessionCache">The session cache to use when caching entities.</param>
            <param name="entityIdFactory">Generates new entity IDs when entities that are not in the cache are persisted.</param>
            <param name="dataConnector">A data connector that writes entity data.</param>
            <param name="parentEntityDataMappingDelegate">A delegate that converts an entity and its parent relationship into entity data.</param>
            <exception cref="T:System.ArgumentNullException">Thrown when <paramref name="sessionCache"/> is null.</exception>
            <exception cref="T:System.ArgumentNullException">Thrown when <paramref name="entityIdFactory"/> is null.</exception>
            <exception cref="T:System.ArgumentNullException">Thrown when <paramref name="dataConnector"/> is null.</exception>
            <exception cref="T:System.ArgumentNullException">Thrown when <paramref name="parentEntityDataMappingDelegate"/> is null.</exception>
        </member>
        <member name="M:Junior.Persist.Persistence.SqlServer.Repositories.PersistingCacheKeyCachingRepository`4.Persist(`0,`1)">
            <summary>
            Persists an entity and its parent relationship.
            </summary>
            <param name="parentEntity">The parent entity of the entity being persisted.</param>
            <param name="entity">The entity to persist.</param>
            <returns>The entity's ID.</returns>
            <exception cref="T:System.ArgumentNullException">Thrown when <paramref name="parentEntity"/> is null.</exception>
            <exception cref="T:System.ArgumentNullException">Thrown when <paramref name="entity"/> is null.</exception>
        </member>
        <member name="M:Junior.Persist.Persistence.SqlServer.Repositories.PersistingCacheKeyCachingRepository`4.Persist(`0,System.Collections.Generic.IEnumerable{`1})">
            <summary>
            Persists entities and their parent relationship.
            </summary>
            <param name="parentEntity">The parent entity of the entities being persisted.</param>
            <param name="entities">The entities to persist.</param>
            <returns>The persisted entities as <see cref="T:Junior.Persist.Sessions.Sessions.CacheEntity`1"/> instances.</returns>
            <exception cref="T:System.ArgumentNullException">Thrown when <paramref name="parentEntity"/> is null.</exception>
            <exception cref="T:System.ArgumentNullException">Thrown when <paramref name="entities"/> is null.</exception>
        </member>
        <member name="M:Junior.Persist.Persistence.SqlServer.Repositories.PersistingCacheKeyCachingRepository`4.Persist(`0,Junior.Ddd.DomainModel.LazyEntities{`1})">
            <summary>
            Persists lazy entities and their parent relationship.
            </summary>
            <param name="parentEntity">The parent entity of the lazy entities being persisted.</param>
            <param name="entities">The lazy entities to persist.</param>
            <returns>The persisted entities as <see cref="T:Junior.Persist.Sessions.Sessions.CacheEntity`1"/> instances.</returns>
            <exception cref="T:System.ArgumentNullException">Thrown when <paramref name="parentEntity"/> is null.</exception>
            <exception cref="T:System.ArgumentNullException">Thrown when <paramref name="entities"/> is null.</exception>
        </member>
        <member name="M:Junior.Persist.Persistence.SqlServer.Repositories.PersistingCacheKeyCachingRepository`4.Persist(`0,System.Collections.Generic.IEnumerable{`1},System.Func{System.Guid,System.Collections.Generic.IEnumerable{System.Guid}},Junior.Persist.Persistence.Repositories.IPersistingRepository{`0,`1},Junior.Persist.Data.SqlServer.IDeletingByIdDataConnector,System.Action{`1},System.Action{System.Guid},System.Action{`1})">
            <summary>
            Persists entities and their parent relationship.
            </summary>
            <param name="parentEntity">The parent entity of the entities being persisted.</param>
            <param name="entities">The entities to persist.</param>
            <param name="getExistingEntityIdsDelegate">A delegate that retrieves already-persisted entity IDs for the entities being persisted.</param>
            <param name="persistingRepository">A persisting repository used to persist entities.</param>
            <param name="deletingByIdDataConnector">A deleting by ID data connector used to delete entities.</param>
            <param name="afterEntityAddedDelegate">A delegate that is invoked after an entity is added to the repository.</param>
            <param name="beforeEntityRemovedDelegate">A delegate that is invoked before an entity is removed from the repository.</param>
            <param name="afterEntityUpdatedDelegate">A delegate that is invoked after an entity is updated in the repository.</param>
            <returns>The persisted entities as <see cref="T:Junior.Persist.Sessions.Sessions.CacheEntity`1"/> instances.</returns>
            <exception cref="T:System.ArgumentNullException">Thrown when <paramref name="parentEntity"/> is null.</exception>
            <exception cref="T:System.ArgumentNullException">Thrown when <paramref name="entities"/> is null.</exception>
            <exception cref="T:System.ArgumentNullException">Thrown when <paramref name="getExistingEntityIdsDelegate"/> is null.</exception>
        </member>
        <member name="M:Junior.Persist.Persistence.SqlServer.Repositories.PersistingCacheKeyCachingRepository`4.Persist(`0,Junior.Ddd.DomainModel.LazyEntities{`1},System.Func{System.Guid,System.Collections.Generic.IEnumerable{System.Guid}},Junior.Persist.Persistence.Repositories.IPersistingRepository{`0,`1},Junior.Persist.Data.SqlServer.IDeletingByIdDataConnector,System.Action{`1},System.Action{System.Guid},System.Action{`1})">
            <summary>
            Persists lazy entities and their parent relationship.
            </summary>
            <param name="parentEntity">The parent entity of the lazy entities being persisted.</param>
            <param name="entities">The lazy entities to persist.</param>
            <param name="getExistingEntityIdsDelegate">A delegate that retrieves already-persisted entity IDs for the lazy entities being persisted.</param>
            <param name="persistingRepository">A persisting repository used to persist entities.</param>
            <param name="deletingByIdDataConnector">A deleting by ID data connector used to delete entities.</param>
            <param name="afterEntityAddedDelegate">A delegate that is invoked after an entity is added to the repository.</param>
            <param name="beforeEntityRemovedDelegate">A delegate that is invoked before an entity is removed from the repository.</param>
            <param name="afterEntityUpdatedDelegate">A delegate that is invoked after an entity is updated in the repository.</param>
            <returns>The persisted entities as <see cref="T:Junior.Persist.Sessions.Sessions.CacheEntity`1"/> instances.</returns>
            <exception cref="T:System.ArgumentNullException">Thrown when <paramref name="parentEntity"/> is null.</exception>
            <exception cref="T:System.ArgumentNullException">Thrown when <paramref name="entities"/> is null.</exception>
            <exception cref="T:System.ArgumentNullException">Thrown when <paramref name="getExistingEntityIdsDelegate"/> is null.</exception>
        </member>
        <member name="M:Junior.Persist.Persistence.SqlServer.Repositories.PersistingCacheKeyCachingRepository`4.PersistRelated(`1)">
            <summary>
            Persists entities related to <paramref name="entity"/>.
            </summary>
            <param name="entity">The entity whose related entities are to be persisted.</param>
            <exception cref="T:System.ArgumentNullException">Thrown when <paramref name="entity"/> is null.</exception>
        </member>
        <member name="P:Junior.Persist.Persistence.SqlServer.Repositories.PersistingCacheKeyCachingRepository`4.DataConnector">
            <summary>
            Gets the data connector that writes entity data.
            </summary>
        </member>
        <member name="P:Junior.Persist.Persistence.SqlServer.Repositories.PersistingCacheKeyCachingRepository`4.SessionCache">
            <summary>
            Gets the session cache used to cache entities.
            </summary>
        </member>
        <member name="M:Junior.Persist.Persistence.SqlServer.Repositories.PersistingDeletingCacheKeyCachingRepository`4.#ctor(Junior.Persist.Sessions.Sessions.ISessionCache{Junior.Persist.Data.CacheKey,System.Object},Junior.Persist.Persistence.Repositories.IEntityIdFactory,`3,System.Func{`0,Junior.Persist.Sessions.Sessions.CacheEntity{`1},`2})">
            <summary>
            Initializes a new instance of the <see cref="T:Junior.Persist.Persistence.SqlServer.Repositories.PersistingDeletingCacheKeyCachingRepository`3"/> class.
            </summary>
            <param name="sessionCache">The session cache to use when caching entities.</param>
            <param name="entityIdFactory">Generates new entity IDs when entities that are not in the cache are persisted.</param>
            <param name="dataConnector">A data connector that writes entity data.</param>
            <param name="parentEntityDataMappingDelegate">A delegate that converts an entity and its parent relationship into entity data.</param>
        </member>
        <member name="M:Junior.Persist.Persistence.SqlServer.Repositories.PersistingDeletingCacheKeyCachingRepository`4.Delete(`1)">
            <summary>
            Deletes an entity.
            </summary>
            <param name="entity">The entity to delete.</param>
        </member>
        <member name="P:Junior.Persist.Persistence.SqlServer.Repositories.PersistingDeletingCacheKeyCachingRepository`4.RelatedEntityTypesToClearFromCache">
            <summary>
            Gets the entity types that will be cleared from the cache when deleting entities with this repository.
            </summary>
        </member>
    </members>
</doc>
