<?xml version="1.0"?>
<doc>
    <assembly>
        <name>Junior.Persist.Data</name>
    </assembly>
    <members>
        <member name="T:Junior.Persist.Data.CacheKey">
            <summary>
            A key used for caching the results of a SQL statement. Keys are unique based on the SQL itself and the parameters and their values.
            </summary>
        </member>
        <member name="M:Junior.Persist.Data.CacheKey.#ctor(System.String)">
            <summary>
            Initializes a new instance of the <see cref="T:Junior.Persist.Data.CacheKey"/> class.
            </summary>
            <param name="sql">A SQL statement.</param>
        </member>
        <member name="M:Junior.Persist.Data.CacheKey.#ctor(System.String,System.Data.Common.DbParameter[])">
            <summary>
            Initializes a new instance of the <see cref="T:Junior.Persist.Data.CacheKey"/> class.
            </summary>
            <param name="sql">A SQL statement.</param>
            <param name="parameters">Named parameters.</param>
        </member>
        <member name="M:Junior.Persist.Data.CacheKey.#ctor(System.String,System.Collections.Generic.IEnumerable{System.Data.Common.DbParameter})">
            <summary>
            Initializes a new instance of the <see cref="T:Junior.Persist.Data.CacheKey"/> class.
            </summary>
            <param name="sql">A SQL statement.</param>
            <param name="parameters">The named parameters to use when executing the SQL statement.</param>
            <exception cref="T:System.ArgumentNullException">Thrown when <paramref name="sql"/> is null.</exception>
        </member>
        <member name="M:Junior.Persist.Data.CacheKey.CompareTo(Junior.Persist.Data.CacheKey)">
            <summary>
            Compares the current object with another object of the same type. A cache key is equivalent to another cache key if
            the SQL statement, its parameters and values are all the same.
            </summary>
            <returns>
            A value that indicates the relative order of the objects being compared. The return value has the following meanings: Value Meaning Less than zero This object is less than the <paramref name="other"/> parameter.Zero This object is equal to <paramref name="other"/>. Greater than zero This object is greater than <paramref name="other"/>. 
            </returns>
            <param name="other">An object to compare with this object.</param>
            <exception cref="T:System.ArgumentNullException">Thrown when <paramref name="other"/> is null.</exception>
        </member>
        <member name="T:Junior.Persist.Data.ConfigurationManagerConnectionStringProvider">
            <summary>
            Retrieve a connection string by key from the <see cref="P:System.Configuration.ConfigurationManager.ConnectionStrings"/> array.
            </summary>
        </member>
        <member name="T:Junior.Persist.Data.IConnectionStringProvider">
            <summary>
            Represents a way to retrieve a connection string by key.
            </summary>
        </member>
        <member name="M:Junior.Persist.Data.IConnectionStringProvider.ByKey(System.String)">
            <summary>
            Retrieves a connection string for the specified key.
            </summary>
            <param name="key">A key.</param>
            <returns>The connection string for the specified key.</returns>
        </member>
        <member name="M:Junior.Persist.Data.ConfigurationManagerConnectionStringProvider.ByKey(System.String)">
            <summary>
            Retrieves a connection string for the specified key.
            </summary>
            <param name="key">A key.</param>
            <returns>The connection string for the specified key.</returns>
        </member>
        <member name="T:Junior.Persist.Data.DataConnector`3">
            <summary>
            A base class for all data connectors. <see cref="T:Junior.Persist.Data.DataConnector`3"/> provides a connection provider and
            a command provider to derived classes.
            </summary>
            <typeparam name="TConnection">A connection class type.</typeparam>
            <typeparam name="TCommand">A command class type.</typeparam>
            <typeparam name="TParameter">A parameter class type.</typeparam>
        </member>
        <member name="M:Junior.Persist.Data.DataConnector`3.#ctor(Junior.Persist.Data.IConnectionProvider{`0},Junior.Persist.Data.ICommandProvider{`0,`1,`2})">
            <summary>
            Initializes a new instance of the <see cref="T:Junior.Persist.Data.DataConnector`3"/> class.
            </summary>
            <param name="connectionProvider">A connection provider.</param>
            <param name="commandProvider">A command provider.</param>
            <exception cref="T:System.ArgumentNullException">Thrown when <paramref name="connectionProvider"/> is null.</exception>
            <exception cref="T:System.ArgumentNullException">Thrown when <paramref name="commandProvider"/> is null.</exception>
        </member>
        <member name="P:Junior.Persist.Data.DataConnector`3.ConnectionProvider">
            <summary>
            Gets the connection provider associated with this data connector.
            </summary>
        </member>
        <member name="P:Junior.Persist.Data.DataConnector`3.CommandProvider">
            <summary>
            Gets the command provider associated with this data connector.
            </summary>
        </member>
        <member name="T:Junior.Persist.Data.ICache`1">
            <summary>
            Represents a way to determine if a cache key exists in a cache.
            </summary>
            <typeparam name="TKey">The type of cache key.</typeparam>
        </member>
        <member name="M:Junior.Persist.Data.ICache`1.IsCached(`0)">
            <summary>
            Determines if the specified cache key has been cached.
            </summary>
            <param name="key">A cache key.</param>
            <returns>true if the specified cache key has been cached; otherwise, false.</returns>
        </member>
        <member name="T:Junior.Persist.Data.ICommandProvider`3">
            <summary>
            Represents a way to retrieve instances of a class that can execute SQL commands.
            </summary>
            <typeparam name="TConnection">A connection class type.</typeparam>
            <typeparam name="TCommand">A command class type.</typeparam>
            <typeparam name="TParameter">A parameter class type.</typeparam>
        </member>
        <member name="M:Junior.Persist.Data.ICommandProvider`3.GetCommand(System.String,`0,System.String,`2[])">
            <summary>
            Retrieves a command class instance for the specified connection key, connection, SQL statement and parameters.
            </summary>
            <param name="connectionKey">A connection key. <paramref name="connectionKey"/> is used to retrieve the command timeout.</param>
            <param name="connection">A connection.</param>
            <param name="sql">A SQL statement.</param>
            <param name="parameters">Named parameters.</param>
            <returns>A command.</returns>
        </member>
        <member name="M:Junior.Persist.Data.ICommandProvider`3.GetCommand(System.String,`0,System.String,System.Collections.Generic.IEnumerable{`2})">
            <summary>
            Retrieves a command class instance for the specified connection key, connection, SQL statement and parameters.
            </summary>
            <param name="connectionKey">A connection key. <paramref name="connectionKey"/> is used to retrieve the command timeout.</param>
            <param name="connection">A connection.</param>
            <param name="sql">A SQL statement.</param>
            <param name="parameters">Named parameters.</param>
            <returns>A command.</returns>
        </member>
        <member name="T:Junior.Persist.Data.IConnectionProvider`1">
            <summary>
            Represents a way to retrieve instances of a class that can connect to databases.
            </summary>
            <typeparam name="TConnection">A connection class type.</typeparam>
        </member>
        <member name="M:Junior.Persist.Data.IConnectionProvider`1.GetConnection(System.String,System.Boolean)">
            <summary>
            Retrieves a connection class instance for the specified connection key.
            </summary>
            <param name="connectionKey">A connection key. <paramref name="connectionKey"/> is used to retrieve the command timeout.</param>
            <param name="openConnection">Indicates if the connection should be opened before it is returned.</param>
            <returns>A connection.</returns>
        </member>
        <member name="T:Junior.Persist.Data.ICommandTimeoutProvider">
            <summary>
            Represents a way to retrieve command timeouts for different database connections.
            </summary>
        </member>
        <member name="M:Junior.Persist.Data.ICommandTimeoutProvider.GetTimeout(System.String)">
            <summary>
            Retrieves a command timeout for the specified connection key.
            </summary>
            <param name="connectionKey">A key whose timeout will be retrieved.</param>
            <returns>A command timeout.</returns>
        </member>
        <member name="T:Junior.Persist.Data.IQueryResult`1">
            <summary>
            Represents the results of a SQL query.
            </summary>
        </member>
        <member name="P:Junior.Persist.Data.IQueryResult`1.UseCache">
            <summary>
            Gets a value indicating if the result should be retrieved from a cache instead of the <see cref="P:Junior.Persist.Data.IQueryResult`1.Result"/> property.
            </summary>
        </member>
        <member name="P:Junior.Persist.Data.IQueryResult`1.CacheKey">
            <summary>
            Gets the cache key for the query.
            </summary>
        </member>
        <member name="P:Junior.Persist.Data.IQueryResult`1.Result">
            <summary>
            Gets the query result if <see cref="P:Junior.Persist.Data.IQueryResult`1.UseCache"/> is true; otherwise, gets null.
            </summary>
        </member>
        <member name="T:Junior.Persist.Data.PairMappers.EnlistmentOptionPairMapper">
            <summary>
            A pair mapper that maps between <see cref="T:Junior.Persist.Sessions.Transactions.EnlistmentOption"/> and <see cref="T:System.Transactions.TransactionScopeOption"/>.
            </summary>
        </member>
        <member name="F:Junior.Persist.Data.PairMappers.EnlistmentOptionPairMapper.Instance">
            <summary>
            The singleton instance of <see cref="T:Junior.Persist.Data.PairMappers.EnlistmentOptionPairMapper"/>.
            </summary>
        </member>
        <member name="T:Junior.Persist.Data.PairMappers.IsolationLevelPairMapper">
            <summary>
            A pair mapper that maps between <see cref="T:Junior.Persist.Sessions.Transactions.IsolationLevel"/> and <see cref="T:System.Transactions.IsolationLevel"/>.
            </summary>
        </member>
        <member name="F:Junior.Persist.Data.PairMappers.IsolationLevelPairMapper.Instance">
            <summary>
            The singleton instance of <see cref="T:Junior.Persist.Data.PairMappers.IsolationLevelPairMapper"/>.
            </summary>
        </member>
        <member name="T:Junior.Persist.Data.ResultQueryResult`1">
            <summary>
            A esult returned from an executed SQL query.
            </summary>
        </member>
        <member name="M:Junior.Persist.Data.ResultQueryResult`1.#ctor(Junior.Persist.Data.CacheKey,`0)">
            <summary>
            Initializes a new instance of the <see cref="T:Junior.Persist.Data.ResultQueryResult`1"/> class.
            </summary>
            <param name="cacheKey">The cache key for the query.</param>
            <param name="result">The query result.</param>
            <exception cref="T:System.ArgumentNullException">Thrown when <paramref name="cacheKey"/> is null.</exception>
        </member>
        <member name="P:Junior.Persist.Data.ResultQueryResult`1.UseCache">
            <summary>
            Gets false.
            </summary>
        </member>
        <member name="P:Junior.Persist.Data.ResultQueryResult`1.CacheKey">
            <summary>
            Gets the cache key for the query.
            </summary>
        </member>
        <member name="P:Junior.Persist.Data.ResultQueryResult`1.Result">
            <summary>
            Gets the query result.
            </summary>
        </member>
        <member name="T:Junior.Persist.Data.ThirtySecondCommandTimeoutProvider">
            <summary>
            Retrieves command timeouts for different database connections.
            </summary>
        </member>
        <member name="M:Junior.Persist.Data.ThirtySecondCommandTimeoutProvider.GetTimeout(System.String)">
            <summary>
            Retrieves a command timeout for the specified connection key.
            </summary>
            <param name="connectionKey">A key whose timeout will be retrieved.</param>
            <returns>A command timeout.</returns>
        </member>
        <member name="T:Junior.Persist.Data.TransactionScopeTransactionManager">
            <summary>
            Enlists in a transaction using <see cref="T:System.Transactions.TransactionScope"/>. The <see cref="T:System.Transactions.TransactionScope"/> instance is wrapped in a
            <see cref="T:Junior.Persist.Data.TransactionScopeTransaction"/> instance.
            </summary>
        </member>
        <member name="M:Junior.Persist.Data.TransactionScopeTransactionManager.Enlist(Junior.Persist.Sessions.Transactions.EnlistmentOption)">
            <summary>
            Enlists in a transaction.
            </summary>
            <param name="option">An enlistment option.</param>
            <returns>The enlisted transaction.</returns>
        </member>
        <member name="M:Junior.Persist.Data.TransactionScopeTransactionManager.Enlist(Junior.Persist.Sessions.Transactions.EnlistmentOption,System.TimeSpan)">
            <summary>
            Enlists in a transaction.
            </summary>
            <param name="option">An enlistment option.</param>
            <param name="timeout">A transaction timeout.</param>
            <returns>The enlisted transaction.</returns>
        </member>
        <member name="M:Junior.Persist.Data.TransactionScopeTransactionManager.Enlist(Junior.Persist.Sessions.Transactions.EnlistmentOption,Junior.Persist.Sessions.Transactions.IsolationLevel,System.TimeSpan)">
            <summary>
            Enlists in a transaction.
            </summary>
            <param name="option">An enlistment option.</param>
            <param name="isolationLevel">A transaction isolation level.</param>
            <param name="timeout">A transaction timeout.</param>
            <returns>The enlisted transaction.</returns>
        </member>
        <member name="T:Junior.Persist.Data.CacheQueryResult`1">
            <summary>
            A query result that indicates that the results should be retrieved from a cache.
            </summary>
        </member>
        <member name="M:Junior.Persist.Data.CacheQueryResult`1.#ctor(Junior.Persist.Data.CacheKey)">
            <summary>
            Initializes a new instance of the <see cref="T:Junior.Persist.Data.CacheQueryResult`1"/> class.
            </summary>
            <param name="cacheKey">The cache key for the query.</param>
            <exception cref="T:System.ArgumentNullException">Thrown when <paramref name="cacheKey"/> is null.</exception>
        </member>
        <member name="P:Junior.Persist.Data.CacheQueryResult`1.UseCache">
            <summary>
            Gets true.
            </summary>
        </member>
        <member name="P:Junior.Persist.Data.CacheQueryResult`1.CacheKey">
            <summary>
            Gets the cache key for the query.
            </summary>
        </member>
        <member name="P:Junior.Persist.Data.CacheQueryResult`1.Result">
            <summary>
            Gets null, since the query result should be read from a cache.
            </summary>
        </member>
    </members>
</doc>
