<?xml version="1.0"?>
<doc>
    <assembly>
        <name>Junior.Persist.Sessions</name>
    </assembly>
    <members>
        <member name="T:Junior.Persist.Sessions.Sessions.CacheEntity`1">
            <summary>
            Pairs an entity with its ID to uniquely identify an entity in a cache.
            </summary>
        </member>
        <member name="M:Junior.Persist.Sessions.Sessions.CacheEntity`1.#ctor(`0,System.Guid)">
            <summary>
            Initializes a new instance of the <see cref="T:Junior.Persist.Sessions.Sessions.CacheEntity`1"/> class.
            </summary>
            <param name="entity">An entity.</param>
            <param name="id">The entity's ID.</param>
            <exception cref="T:System.ArgumentNullException">Thrown when <paramref name="entity"/> is null.</exception>
        </member>
        <member name="M:Junior.Persist.Sessions.Sessions.CacheEntity`1.Cast``1">
            <summary>
            Creates a new <see cref="T:Junior.Persist.Sessions.Sessions.CacheEntity`1"/> instance from the current entity and its ID and by casting the current entity to <typeparamref name="TCastedEntity"/>.
            </summary>
            <typeparam name="TCastedEntity">The entity type to cast to.</typeparam>
            <returns>A new <see cref="T:Junior.Persist.Sessions.Sessions.CacheEntity`1"/> instance with the current entity and its ID.</returns>
        </member>
        <member name="M:Junior.Persist.Sessions.Sessions.CacheEntity`1.op_Implicit(Junior.Persist.Sessions.Sessions.CacheEntity{`0})~Junior.Persist.Sessions.Sessions.CacheEntity{System.Object}">
            <summary>
            Implicitly casts any <see cref="T:Junior.Persist.Sessions.Sessions.CacheEntity`1"/> instance to a <see cref="T:Junior.Persist.Sessions.Sessions.CacheEntity`1"/> whose entity type is <see cref="T:System.Object"/>.
            </summary>
            <param name="cacheEntity">A cache entity.</param>
            <returns>A new <see cref="T:Junior.Persist.Sessions.Sessions.CacheEntity`1"/> instance with the current entity and its ID and whose entity type is <see cref="T:System.Object"/>.</returns>
            <exception cref="T:System.ArgumentNullException">Thrown when <paramref name="cacheEntity"/> is null.</exception>
        </member>
        <member name="P:Junior.Persist.Sessions.Sessions.CacheEntity`1.Entity">
            <summary>
            Gets the cached entity.
            </summary>
        </member>
        <member name="P:Junior.Persist.Sessions.Sessions.CacheEntity`1.Id">
            <summary>
            Gets the cached entity's ID.
            </summary>
        </member>
        <member name="T:Junior.Persist.Sessions.Sessions.ConsoleLineWriter">
            <summary>
            Write observed cache messages to the console as lines. <see cref="M:System.Console.WriteLine(System.String,System.Object[])"/> is used.
            </summary>
        </member>
        <member name="T:Junior.Persist.Sessions.Sessions.ILineWriter">
            <summary>
            Represents a way to write observed cache messages as lines.
            </summary>
        </member>
        <member name="M:Junior.Persist.Sessions.Sessions.ILineWriter.WriteLine(System.String,System.Object[])">
            <summary>
            Writes an observed cache message as a line.
            </summary>
            <param name="format">A composite format string.</param>
            <param name="arg">An array of objects to write using <paramref name="format"/>.</param>
        </member>
        <member name="M:Junior.Persist.Sessions.Sessions.ConsoleLineWriter.WriteLine(System.String,System.Object[])">
            <summary>
            Writes an observed cache message as a line.
            </summary>
            <param name="format">A composite format string.</param>
            <param name="arg">An array of objects to write using <paramref name="format"/>.</param>
            <exception cref="T:System.ArgumentNullException">Thrown when <paramref name="format"/> is null.</exception>
        </member>
        <member name="T:Junior.Persist.Sessions.Sessions.ConsoleSessionObserver`2">
            <summary>
            Handles actions observed in a session by writing a line to the console.
            </summary>
        </member>
        <member name="T:Junior.Persist.Sessions.Sessions.WriteLineSessionObserver`2">
            <summary>
            Handles actions observed in a session by writing a line to an <see cref="T:Junior.Persist.Sessions.Sessions.ILineWriter"/>.
            </summary>
        </member>
        <member name="T:Junior.Persist.Sessions.Sessions.ISessionObserver`2">
            <summary>
            Represents actions observed in a session.
            </summary>
        </member>
        <member name="M:Junior.Persist.Sessions.Sessions.ISessionObserver`2.EntityPersisted(Junior.Persist.Sessions.Sessions.ISession{`0,`1},System.Type,System.Guid)">
            <summary>
            Invoked when an entity was persisted.
            </summary>
            <param name="session">The session in which the entity was persisted.</param>
            <param name="entityType">The persisted entity's type.</param>
            <param name="entityId">The persisted entity's ID.</param>
        </member>
        <member name="M:Junior.Persist.Sessions.Sessions.ISessionObserver`2.EntityFound(Junior.Persist.Sessions.Sessions.ISession{`0,`1},System.Type,System.Guid)">
            <summary>
            Invoked when an entity was found.
            </summary>
            <param name="session">The session in which the entity was persisted.</param>
            <param name="entityType">The persisted entity's type.</param>
            <param name="entityId">The persisted entity's ID.</param>
        </member>
        <member name="M:Junior.Persist.Sessions.Sessions.ISessionObserver`2.EntityRemoved(Junior.Persist.Sessions.Sessions.ISession{`0,`1},System.Type,System.Guid)">
            <summary>
            Invoked when an entity was removed from the cache.
            </summary>
            <param name="session">The session in which the entity was persisted.</param>
            <param name="entityType">The persisted entity's type.</param>
            <param name="entityId">The persisted entity's ID.</param>
        </member>
        <member name="M:Junior.Persist.Sessions.Sessions.WriteLineSessionObserver`2.#ctor(Junior.Persist.Sessions.Sessions.ILineWriter)">
            <summary>
            Initializes a new instance of the <see cref="T:Junior.Persist.Sessions.Sessions.WriteLineSessionObserver`2"/> class.
            </summary>
            <param name="lineWriter">A line writer that will write observed actions.</param>
            <exception cref="T:System.ArgumentNullException">Thrown when <paramref name="lineWriter"/> is null.</exception>
        </member>
        <member name="M:Junior.Persist.Sessions.Sessions.WriteLineSessionObserver`2.EntityPersisted(Junior.Persist.Sessions.Sessions.ISession{`0,`1},System.Type,System.Guid)">
            <summary>
            Invoked when an entity was persisted. The entity's type, ID and related session will be written to the provided line writer.
            </summary>
            <param name="session">The session in which the entity was persisted.</param>
            <param name="entityType">The persisted entity's type.</param>
            <param name="entityId">The persisted entity's ID.</param>
            <exception cref="T:System.ArgumentNullException">Thrown when <paramref name="session"/> is null.</exception>
            <exception cref="T:System.ArgumentNullException">Thrown when <paramref name="entityType"/> is null.</exception>
        </member>
        <member name="M:Junior.Persist.Sessions.Sessions.WriteLineSessionObserver`2.EntityFound(Junior.Persist.Sessions.Sessions.ISession{`0,`1},System.Type,System.Guid)">
            <summary>
            Invoked when an entity was found. The entity's type, ID and related session will be written to the provided line writer.
            </summary>
            <param name="session">The session in which the entity was persisted.</param>
            <param name="entityType">The persisted entity's type.</param>
            <param name="entityId">The persisted entity's ID.</param>
            <exception cref="T:System.ArgumentNullException">Thrown when <paramref name="session"/> is null.</exception>
            <exception cref="T:System.ArgumentNullException">Thrown when <paramref name="entityType"/> is null.</exception>
        </member>
        <member name="M:Junior.Persist.Sessions.Sessions.WriteLineSessionObserver`2.EntityRemoved(Junior.Persist.Sessions.Sessions.ISession{`0,`1},System.Type,System.Guid)">
            <summary>
            Invoked when an entity was removed from the cache. The entity's type, ID and related session will be written to the provided line writer.
            </summary>
            <param name="session">The session in which the entity was persisted.</param>
            <param name="entityType">The persisted entity's type.</param>
            <param name="entityId">The persisted entity's ID.</param>
            <exception cref="T:System.ArgumentNullException">Thrown when <paramref name="session"/> is null.</exception>
            <exception cref="T:System.ArgumentNullException">Thrown when <paramref name="entityType"/> is null.</exception>
        </member>
        <member name="M:Junior.Persist.Sessions.Sessions.ConsoleSessionObserver`2.#ctor">
            <summary>
            Initializes a new instance of the <see cref="T:Junior.Persist.Sessions.Sessions.ConsoleSessionObserver`2"/> class.
            <see cref="T:Junior.Persist.Sessions.Sessions.ConsoleLineWriter"/> will accept written lines.
            </summary>
        </member>
        <member name="T:Junior.Persist.Sessions.Sessions.DebugLineWriter">
            <summary>
            Write observed cache messages to the debugger as lines. <see cref="M:System.Diagnostics.Debug.WriteLine(System.String,System.Object[])"/> is used.
            </summary>
        </member>
        <member name="M:Junior.Persist.Sessions.Sessions.DebugLineWriter.WriteLine(System.String,System.Object[])">
            <summary>
            Writes an observed cache message as a line.
            </summary>
            <param name="format">A composite format string.</param>
            <param name="arg">An array of objects to write using <paramref name="format"/>.</param>
            <exception cref="T:System.ArgumentNullException">Thrown when <paramref name="format"/> is null.</exception>
        </member>
        <member name="T:Junior.Persist.Sessions.Sessions.DebugSessionObserver`2">
            <summary>
            Handles actions observed in a session by writing a line to the debugger.
            </summary>
        </member>
        <member name="M:Junior.Persist.Sessions.Sessions.DebugSessionObserver`2.#ctor">
            <summary>
            Initializes a new instance of the <see cref="T:Junior.Persist.Sessions.Sessions.DebugSessionObserver`2"/> class.
            <see cref="T:Junior.Persist.Sessions.Sessions.DebugLineWriter"/> will accept written lines.
            </summary>
        </member>
        <member name="T:Junior.Persist.Sessions.Sessions.ISession`2">
            <summary>
            Represents a session. Sessions provide context for entity caching.
            </summary>
        </member>
        <member name="T:Junior.Persist.Sessions.Sessions.ISessionCache`2">
            <summary>
            Represents a session-based entity cache.
            </summary>
        </member>
        <member name="M:Junior.Persist.Sessions.Sessions.ISessionCache`2.EntityWasPersisted(Junior.Persist.Sessions.Sessions.CacheEntity{`1})">
            <summary>
            Notifies the cache that an entity was persisted.
            </summary>
            <param name="cacheEntity">The persisted entity as a <see cref="T:Junior.Persist.Sessions.Sessions.CacheEntity`1"/> instance.</param>
        </member>
        <member name="M:Junior.Persist.Sessions.Sessions.ISessionCache`2.EntityWasFound(`0,Junior.Persist.Sessions.Sessions.CacheEntity{`1})">
            <summary>
            Notifies the cache that an entity was found.
            </summary>
            <param name="cacheKey">The cache key for the related query.</param>
            <param name="cacheEntity">The persisted entity as a <see cref="T:Junior.Persist.Sessions.Sessions.CacheEntity`1"/> instance.</param>
        </member>
        <member name="M:Junior.Persist.Sessions.Sessions.ISessionCache`2.LazyEntityWasCreated(Junior.Ddd.DomainModel.ILazyEntity{`1},System.Guid)">
            <summary>
            Notifies the cache that a lazy entity was created.
            </summary>
            <param name="lazyEntity">A lazy entity.</param>
            <param name="entityId">The ID associated with the entity to be lazy-loaded.</param>
        </member>
        <member name="M:Junior.Persist.Sessions.Sessions.ISessionCache`2.EntitiesWereFound(`0,System.Collections.Generic.IEnumerable{Junior.Persist.Sessions.Sessions.CacheEntity{`1}})">
            <summary>
            Notifies the cache that multiple entities were found.
            </summary>
            <param name="cacheKey">The cache key for the related query.</param>
            <param name="cacheEntities">The persisted entities as <see cref="T:Junior.Persist.Sessions.Sessions.CacheEntity`1"/> instances.</param>
        </member>
        <member name="M:Junior.Persist.Sessions.Sessions.ISessionCache`2.RemoveEntity(System.Guid)">
            <summary>
            Instructs the cache to remove an entity from the cache.
            </summary>
            <param name="entityId">The ID of the entity to remove.</param>
        </member>
        <member name="M:Junior.Persist.Sessions.Sessions.ISessionCache`2.RemoveEntity(`1)">
            <summary>
            Instructs the cache to remove an entity from the cache.
            </summary>
            <param name="entity">The entity to remove.</param>
        </member>
        <member name="M:Junior.Persist.Sessions.Sessions.ISessionCache`2.RemoveEntities(System.Collections.Generic.IEnumerable{`1})">
            <summary>
            Instructs the cache to remove entities from the cache.
            </summary>
            <param name="entities">The entities to remove.</param>
        </member>
        <member name="M:Junior.Persist.Sessions.Sessions.ISessionCache`2.GetEntityId(`1)">
            <summary>
            Retrieves a cached entity's ID.
            </summary>
            <param name="entity">A cached entity.</param>
            <returns>The cached entity's ID.</returns>
        </member>
        <member name="M:Junior.Persist.Sessions.Sessions.ISessionCache`2.GetEntityId(`1,System.Guid)">
            <summary>
            Retrieves a cached entity's ID. If the entity is not already cached, then <paramref name="defaultEntityId"/> is returned.
            </summary>
            <param name="entity">A cached entity.</param>
            <param name="defaultEntityId">The ID to return if <paramref name="entity"/> is not cached.</param>
            <returns>The cached entity's ID if the entity is cached; otherwise, <paramref name="defaultEntityId"/>.</returns>
        </member>
        <member name="M:Junior.Persist.Sessions.Sessions.ISessionCache`2.GetEntityId(Junior.Ddd.DomainModel.ILazyEntity{`1})">
            <summary>
            Retrieves the ID of a lazy-loaded entity.
            </summary>
            <param name="lazyEntity">A lazy entity.</param>
            <returns>The ID of the lazy-loaded entity.</returns>
        </member>
        <member name="M:Junior.Persist.Sessions.Sessions.ISessionCache`2.GetEntity(`0)">
            <summary>
            Retrieves a cached entity from the cache as a <see cref="T:Junior.Persist.Sessions.Sessions.CacheEntity`1"/> instance.
            </summary>
            <param name="cacheKey">The cache key for the related query.</param>
            <returns>The cached entity as a <see cref="T:Junior.Persist.Sessions.Sessions.CacheEntity`1"/> instance.</returns>
        </member>
        <member name="M:Junior.Persist.Sessions.Sessions.ISessionCache`2.GetEntities(`0)">
            <summary>
            Retrieves cached entities from the cache as <see cref="T:Junior.Persist.Sessions.Sessions.CacheEntity`1"/> instances.
            </summary>
            <param name="cacheKey">The cache key for the related query.</param>
            <returns>The cached entitys as <see cref="T:Junior.Persist.Sessions.Sessions.CacheEntity`1"/> instances.</returns>
        </member>
        <member name="M:Junior.Persist.Sessions.Sessions.ISessionCache`2.Clear``1">
            <summary>
            Instructs the cache to remove all entities of type <typeparamref name="TEntityToClear"/> from the cache.
            </summary>
            <typeparam name="TEntityToClear">The type of entity to remove from the cache.</typeparam>
        </member>
        <member name="M:Junior.Persist.Sessions.Sessions.ISessionCache`2.Clear(System.Type)">
            <summary>
            Instructs the cache to remove all entities of the specified type from the cache.
            </summary>
            <param name="entityType">The type of entity to remove from the cache.</param>
        </member>
        <member name="M:Junior.Persist.Sessions.Sessions.ISessionCache`2.ClearAll">
            <summary>
            Instructs the cache to remove all entities from the cache.
            </summary>
        </member>
        <member name="P:Junior.Persist.Sessions.Sessions.ISession`2.SessionId">
            <summary>
            Gets the session's ID.
            </summary>
        </member>
        <member name="T:Junior.Persist.Sessions.Sessions.ISessionManager`3">
            <summary>
            Represents a way to enroll in a session.
            </summary>
        </member>
        <member name="M:Junior.Persist.Sessions.Sessions.ISessionManager`3.Enroll">
            <summary>
            Enrolls in a session. An existing session context is used if there is one; otherwise, a new session context is created.
            </summary>
            <returns>A session.</returns>
        </member>
        <member name="M:Junior.Persist.Sessions.Sessions.ISessionManager`3.Enroll(Junior.Persist.Sessions.Sessions.ISessionObserver{`0,`1})">
            <summary>
            Enrolls in a session. An existing session context is used if there is one; otherwise, a new session context is created.
            </summary>
            <param name="observer">An observer that will receive observed session actions.</param>
            <returns>A session.</returns>
        </member>
        <member name="T:Junior.Persist.Sessions.Sessions.NullSessionObserver`2">
            <summary>
            Handles actions observed in a session by doing nothing.
            </summary>
        </member>
        <member name="M:Junior.Persist.Sessions.Sessions.NullSessionObserver`2.EntityPersisted(Junior.Persist.Sessions.Sessions.ISession{`0,`1},System.Type,System.Guid)">
            <summary>
            Invoked when an entity was persisted. <see cref="M:Junior.Persist.Sessions.Sessions.NullSessionObserver`2.EntityPersisted(Junior.Persist.Sessions.Sessions.ISession{`0,`1},System.Type,System.Guid)"/> does nothing.
            </summary>
            <param name="session">The session in which the entity was persisted.</param>
            <param name="entityType">The persisted entity's type.</param>
            <param name="entityId">The persisted entity's ID.</param>
        </member>
        <member name="M:Junior.Persist.Sessions.Sessions.NullSessionObserver`2.EntityFound(Junior.Persist.Sessions.Sessions.ISession{`0,`1},System.Type,System.Guid)">
            <summary>
            Invoked when an entity was found. <see cref="M:Junior.Persist.Sessions.Sessions.NullSessionObserver`2.EntityFound(Junior.Persist.Sessions.Sessions.ISession{`0,`1},System.Type,System.Guid)"/> does nothing.
            </summary>
            <param name="session">The session in which the entity was persisted.</param>
            <param name="entityType">The persisted entity's type.</param>
            <param name="entityId">The persisted entity's ID.</param>
        </member>
        <member name="M:Junior.Persist.Sessions.Sessions.NullSessionObserver`2.EntityRemoved(Junior.Persist.Sessions.Sessions.ISession{`0,`1},System.Type,System.Guid)">
            <summary>
            Invoked when an entity was removed from the cache. <see cref="M:Junior.Persist.Sessions.Sessions.NullSessionObserver`2.EntityRemoved(Junior.Persist.Sessions.Sessions.ISession{`0,`1},System.Type,System.Guid)"/> does nothing.
            </summary>
            <param name="session">The session in which the entity was persisted.</param>
            <param name="entityType">The persisted entity's type.</param>
            <param name="entityId">The persisted entity's ID.</param>
        </member>
        <member name="T:Junior.Persist.Sessions.Sessions.SessionException">
            <summary>
            An exception thrown by a session implementation.
            </summary>
        </member>
        <member name="M:Junior.Persist.Sessions.Sessions.SessionException.#ctor">
            <summary>
            Initializes a new instance of the <see cref="T:Junior.Persist.Sessions.Sessions.SessionException"/> class.
            </summary>
        </member>
        <member name="M:Junior.Persist.Sessions.Sessions.SessionException.#ctor(System.String)">
            <summary>
            Initializes a new instance of the <see cref="T:Junior.Persist.Sessions.Sessions.SessionException"/> class.
            </summary>
            <param name="message">The message that describes the error.</param>
        </member>
        <member name="M:Junior.Persist.Sessions.Sessions.SessionException.#ctor(System.String,System.Exception)">
            <summary>
            Initializes a new instance of the <see cref="T:Junior.Persist.Sessions.Sessions.SessionException"/> class.
            </summary>
            <param name="message">The message that describes the error.</param>
            <param name="innerException">The exception that is the cause of the current exception, or a null reference (Nothing in Visual Basic) if no inner exception is specified.</param>
        </member>
        <member name="M:Junior.Persist.Sessions.Sessions.SessionException.#ctor(System.Runtime.Serialization.SerializationInfo,System.Runtime.Serialization.StreamingContext)">
            <summary>
            Initializes a new instance of the <see cref="T:Junior.Persist.Sessions.Sessions.SessionException"/> class with serialized data.
            </summary>
            <param name="info">The object that holds the serialized object data.</param>
            <param name="context">The contextual information about the source or destination.</param>
        </member>
        <member name="T:Junior.Persist.Sessions.Sessions.SessionManager`3">
            <summary>
            Base class for all session managers. <see cref="T:Junior.Persist.Sessions.Sessions.SessionManager`3"/> provides current session context,
            delegates method calls to the current session context and provides for session enrollment.
            </summary>
            <typeparam name="TCacheKey"></typeparam>
            <typeparam name="TEntity"></typeparam>
            <typeparam name="TSession"></typeparam>
        </member>
        <member name="M:Junior.Persist.Sessions.Sessions.SessionManager`3.EntityWasPersisted(Junior.Persist.Sessions.Sessions.CacheEntity{`1})">
            <summary>
            Notifies the current session cache that an entity was persisted.
            </summary>
            <param name="cacheEntity">The persisted entity as a <see cref="T:Junior.Persist.Sessions.Sessions.CacheEntity`1"/> instance.</param>
            <exception cref="T:Junior.Persist.Sessions.Sessions.SessionException">Thrown when there is no session context.</exception>
        </member>
        <member name="M:Junior.Persist.Sessions.Sessions.SessionManager`3.EntityWasFound(`0,Junior.Persist.Sessions.Sessions.CacheEntity{`1})">
            <summary>
            Notifies the current session cache that an entity was found.
            </summary>
            <param name="cacheKey">The cache key for the related query.</param>
            <param name="cacheEntity">The persisted entity as a <see cref="T:Junior.Persist.Sessions.Sessions.CacheEntity`1"/> instance.</param>
            <exception cref="T:Junior.Persist.Sessions.Sessions.SessionException">Thrown when there is no session context.</exception>
        </member>
        <member name="M:Junior.Persist.Sessions.Sessions.SessionManager`3.LazyEntityWasCreated(Junior.Ddd.DomainModel.ILazyEntity{`1},System.Guid)">
            <summary>
            Notifies the current session cache that a lazy entity was created.
            </summary>
            <param name="lazyEntity">A lazy entity.</param>
            <param name="entityId">The ID associated with the entity to be lazy-loaded.</param>
            <exception cref="T:Junior.Persist.Sessions.Sessions.SessionException">Thrown when there is no session context.</exception>
        </member>
        <member name="M:Junior.Persist.Sessions.Sessions.SessionManager`3.EntitiesWereFound(`0,System.Collections.Generic.IEnumerable{Junior.Persist.Sessions.Sessions.CacheEntity{`1}})">
            <summary>
            Notifies the current session cache that multiple entities were found.
            </summary>
            <param name="cacheKey">The cache key for the related query.</param>
            <param name="cacheEntities">The persisted entities as <see cref="T:Junior.Persist.Sessions.Sessions.CacheEntity`1"/> instances.</param>
            <exception cref="T:Junior.Persist.Sessions.Sessions.SessionException">Thrown when there is no session context.</exception>
        </member>
        <member name="M:Junior.Persist.Sessions.Sessions.SessionManager`3.RemoveEntity(System.Guid)">
            <summary>
            Instructs the current session cache to remove an entity from the cache.
            </summary>
            <param name="entityId">The ID of the entity to remove.</param>
            <exception cref="T:Junior.Persist.Sessions.Sessions.SessionException">Thrown when there is no session context.</exception>
        </member>
        <member name="M:Junior.Persist.Sessions.Sessions.SessionManager`3.RemoveEntity(`1)">
            <summary>
            Instructs the current session cache to remove an entity from the cache.
            </summary>
            <param name="entity">The entity to remove.</param>
            <exception cref="T:Junior.Persist.Sessions.Sessions.SessionException">Thrown when there is no session context.</exception>
        </member>
        <member name="M:Junior.Persist.Sessions.Sessions.SessionManager`3.RemoveEntities(System.Collections.Generic.IEnumerable{`1})">
            <summary>
            Instructs the current session cache to remove entities from the cache.
            </summary>
            <param name="entities">The entities to remove.</param>
            <exception cref="T:Junior.Persist.Sessions.Sessions.SessionException">Thrown when there is no session context.</exception>
        </member>
        <member name="M:Junior.Persist.Sessions.Sessions.SessionManager`3.GetEntityId(`1)">
            <summary>
            Retrieves a cached entity's ID from the current session cache.
            </summary>
            <param name="entity">A cached entity.</param>
            <returns>The cached entity's ID.</returns>
            <exception cref="T:Junior.Persist.Sessions.Sessions.SessionException">Thrown when there is no session context.</exception>
        </member>
        <member name="M:Junior.Persist.Sessions.Sessions.SessionManager`3.GetEntityId(`1,System.Guid)">
            <summary>
            Retrieves a cached entity's ID from the current session cache. If the entity is not already cached, then <paramref name="defaultEntityId"/> is returned.
            </summary>
            <param name="entity">A cached entity.</param>
            <param name="defaultEntityId">The ID to return if <paramref name="entity"/> is not cached.</param>
            <returns>The cached entity's ID if the entity is cached; otherwise, <paramref name="defaultEntityId"/>.</returns>
            <exception cref="T:Junior.Persist.Sessions.Sessions.SessionException">Thrown when there is no session context.</exception>
        </member>
        <member name="M:Junior.Persist.Sessions.Sessions.SessionManager`3.GetEntityId(Junior.Ddd.DomainModel.ILazyEntity{`1})">
            <summary>
            Retrieves the ID of a lazy-loaded entity from the current session cache.
            </summary>
            <param name="lazyEntity">A lazy entity.</param>
            <returns>The ID of the lazy-loaded entity.</returns>
            <exception cref="T:Junior.Persist.Sessions.Sessions.SessionException">Thrown when there is no session context.</exception>
        </member>
        <member name="M:Junior.Persist.Sessions.Sessions.SessionManager`3.GetEntity(`0)">
            <summary>
            Retrieves a cached entity from the current session cache as a <see cref="T:Junior.Persist.Sessions.Sessions.CacheEntity`1"/> instance.
            </summary>
            <param name="cacheKey">The cache key for the related query.</param>
            <returns>The cached entity as a <see cref="T:Junior.Persist.Sessions.Sessions.CacheEntity`1"/> instance.</returns>
            <exception cref="T:Junior.Persist.Sessions.Sessions.SessionException">Thrown when there is no session context.</exception>
        </member>
        <member name="M:Junior.Persist.Sessions.Sessions.SessionManager`3.GetEntities(`0)">
            <summary>
            Retrieves cached entities from the current session cache as <see cref="T:Junior.Persist.Sessions.Sessions.CacheEntity`1"/> instances.
            </summary>
            <param name="cacheKey">The cache key for the related query.</param>
            <returns>The cached entitys as <see cref="T:Junior.Persist.Sessions.Sessions.CacheEntity`1"/> instances.</returns>
            <exception cref="T:Junior.Persist.Sessions.Sessions.SessionException">Thrown when there is no session context.</exception>
        </member>
        <member name="M:Junior.Persist.Sessions.Sessions.SessionManager`3.Clear``1">
            <summary>
            Instructs the cache to remove all entities of type <typeparamref name="TEntityToClear"/> from the current session cache.
            </summary>
            <typeparam name="TEntityToClear">The type of entity to remove from the cache.</typeparam>
            <exception cref="T:Junior.Persist.Sessions.Sessions.SessionException">Thrown when there is no session context.</exception>
        </member>
        <member name="M:Junior.Persist.Sessions.Sessions.SessionManager`3.Clear(System.Type)">
            <summary>
            Instructs the cache to remove all entities of the specified type from the current session cache.
            </summary>
            <param name="entityType">The type of entity to remove from the cache.</param>
            <exception cref="T:Junior.Persist.Sessions.Sessions.SessionException">Thrown when there is no session context.</exception>
        </member>
        <member name="M:Junior.Persist.Sessions.Sessions.SessionManager`3.ClearAll">
            <summary>
            Instructs the cache to remove all entities from the current session cache.
            </summary>
            <exception cref="T:Junior.Persist.Sessions.Sessions.SessionException">Thrown when there is no session context.</exception>
        </member>
        <member name="M:Junior.Persist.Sessions.Sessions.SessionManager`3.Enroll">
            <summary>
            Enrolls in a session. An existing session context is used if there is one; otherwise, a new session context is created.
            </summary>
            <returns>A session.</returns>
        </member>
        <member name="M:Junior.Persist.Sessions.Sessions.SessionManager`3.Enroll(Junior.Persist.Sessions.Sessions.ISessionObserver{`0,`1})">
            <summary>
            Enrolls in a session. An existing session context is used if there is one; otherwise, a new session context is created.
            </summary>
            <param name="observer">An observer that will receive observed session actions.</param>
            <returns>A session.</returns>
        </member>
        <member name="M:Junior.Persist.Sessions.Sessions.SessionManager`3.ValidateSession">
            <summary>
            Validates that a session context is present.
            </summary>
            <exception cref="T:Junior.Persist.Sessions.Sessions.SessionException">Thrown when no session context is present.</exception>
        </member>
        <member name="P:Junior.Persist.Sessions.Sessions.SessionManager`3.Current">
            <summary>
            Gets the current session context.
            </summary>
        </member>
        <member name="P:Junior.Persist.Sessions.Sessions.SessionManager`3.HasSession">
            <summary>
            Gets a value indicating if there is a session context.
            </summary>
        </member>
        <member name="T:Junior.Persist.Sessions.Transactions.EnlistmentOption">
            <summary>
            Indicates how transaction enlistment should occur.
            </summary>
        </member>
        <member name="F:Junior.Persist.Sessions.Transactions.EnlistmentOption.AmbientOrNew">
            <summary>
            Use an ambient transaction, if present; otherwise, enlist in a new transaction.
            </summary>
        </member>
        <member name="F:Junior.Persist.Sessions.Transactions.EnlistmentOption.AlwaysNew">
            <summary>
            Always enlist in a new transaction.
            </summary>
        </member>
        <member name="T:Junior.Persist.Sessions.Transactions.IsolationLevel">
            <summary>
            Indicates the transaction isolation level to use.
            </summary>
        </member>
        <member name="F:Junior.Persist.Sessions.Transactions.IsolationLevel.Chaos">
            <summary>
            Chaos.
            </summary>
        </member>
        <member name="F:Junior.Persist.Sessions.Transactions.IsolationLevel.ReadCommitted">
            <summary>
            Read-committed.
            </summary>
        </member>
        <member name="F:Junior.Persist.Sessions.Transactions.IsolationLevel.ReadUncommitted">
            <summary>
            Read-uncommitted.
            </summary>
        </member>
        <member name="F:Junior.Persist.Sessions.Transactions.IsolationLevel.RepeatableRead">
            <summary>
            Repeatable read.
            </summary>
        </member>
        <member name="F:Junior.Persist.Sessions.Transactions.IsolationLevel.Serializable">
            <summary>
            Serializable.
            </summary>
        </member>
        <member name="F:Junior.Persist.Sessions.Transactions.IsolationLevel.Snapshot">
            <summary>
            Snapshot.
            </summary>
        </member>
        <member name="F:Junior.Persist.Sessions.Transactions.IsolationLevel.Unspecified">
            <summary>
            Unspecified.
            </summary>
        </member>
        <member name="T:Junior.Persist.Sessions.Transactions.ITransaction">
            <summary>
            Represents a transaction. To rollback a transaction, do not call <see cref="M:Junior.Persist.Sessions.Transactions.ITransaction.Commit"/>.
            </summary>
        </member>
        <member name="M:Junior.Persist.Sessions.Transactions.ITransaction.Commit">
            <summary>
            Commits the transaction.
            </summary>
        </member>
        <member name="T:Junior.Persist.Sessions.Transactions.ITransactionManager">
            <summary>
            Represents a way to enlist in a transaction.
            </summary>
        </member>
        <member name="M:Junior.Persist.Sessions.Transactions.ITransactionManager.Enlist(Junior.Persist.Sessions.Transactions.EnlistmentOption)">
            <summary>
            Enlists in a transaction.
            </summary>
            <param name="option">An enlistment option.</param>
            <returns>The enlisted transaction.</returns>
        </member>
        <member name="M:Junior.Persist.Sessions.Transactions.ITransactionManager.Enlist(Junior.Persist.Sessions.Transactions.EnlistmentOption,System.TimeSpan)">
            <summary>
            Enlists in a transaction.
            </summary>
            <param name="option">An enlistment option.</param>
            <param name="timeout">A transaction timeout.</param>
            <returns>The enlisted transaction.</returns>
        </member>
        <member name="M:Junior.Persist.Sessions.Transactions.ITransactionManager.Enlist(Junior.Persist.Sessions.Transactions.EnlistmentOption,Junior.Persist.Sessions.Transactions.IsolationLevel,System.TimeSpan)">
            <summary>
            Enlists in a transaction.
            </summary>
            <param name="option">An enlistment option.</param>
            <param name="isolationLevel">A transaction isolation level.</param>
            <param name="timeout">A transaction timeout.</param>
            <returns>The enlisted transaction.</returns>
        </member>
        <member name="T:Junior.Persist.Sessions.Transactions.NonTransactionalTransactionManager">
            <summary>
            A transaction manager that enlists in transactions that take no action whether they are committed or rolled back.
            <see cref="T:Junior.Persist.Sessions.Transactions.NullTransaction"/> is the type of enlisted transaction.
            </summary>
        </member>
        <member name="M:Junior.Persist.Sessions.Transactions.NonTransactionalTransactionManager.Enlist(Junior.Persist.Sessions.Transactions.EnlistmentOption)">
            <summary>
            Enlists in a transaction that takes no action whether it is committed or rolled back.
            </summary>
            <param name="option">An enlistment option.</param>
            <returns>The enlisted transaction.</returns>
        </member>
        <member name="M:Junior.Persist.Sessions.Transactions.NonTransactionalTransactionManager.Enlist(Junior.Persist.Sessions.Transactions.EnlistmentOption,System.TimeSpan)">
            <summary>
            Enlists in a transaction that takes no action whether it is committed or rolled back.
            </summary>
            <param name="option">An enlistment option.</param>
            <param name="timeout">A transaction timeout.</param>
            <returns>The enlisted transaction.</returns>
        </member>
        <member name="M:Junior.Persist.Sessions.Transactions.NonTransactionalTransactionManager.Enlist(Junior.Persist.Sessions.Transactions.EnlistmentOption,Junior.Persist.Sessions.Transactions.IsolationLevel,System.TimeSpan)">
            <summary>
            Enlists in a transaction that takes no action whether it is committed or rolled back.
            </summary>
            <param name="option">An enlistment option.</param>
            <param name="isolationLevel">A transaction isolation level.</param>
            <param name="timeout">A transaction timeout.</param>
            <returns>The enlisted transaction.</returns>
        </member>
        <member name="T:Junior.Persist.Sessions.Transactions.NullTransaction">
            <summary>
            A transaction that takes no action whether it's committed or rolled back.
            </summary>
        </member>
        <member name="M:Junior.Persist.Sessions.Transactions.NullTransaction.Dispose">
            <summary>
            Performs application-defined tasks associated with freeing, releasing, or resetting unmanaged resources.
            </summary>
            <filterpriority>2</filterpriority>
        </member>
        <member name="M:Junior.Persist.Sessions.Transactions.NullTransaction.Commit">
            <summary>
            Commits the transaction.
            </summary>
        </member>
    </members>
</doc>
